<?xml version="1.0"?>
<Vehicle menyoo_ver="0.9998764b">
	<ModelHash>0xf7004c86</ModelHash>
	<InitialHandle>163624</InitialHandle>
	<VehicleProperties>
		<Colours>
			<Primary>134</Primary>
			<Secondary>134</Secondary>
			<Pearl>134</Pearl>
			<Rim>156</Rim>
			<Mod1_a>63868080</Mod1_a>
			<Mod1_b>32767</Mod1_b>
			<Mod1_c>0</Mod1_c>
			<Mod2_a>0</Mod2_a>
			<Mod2_b>-1557528576</Mod2_b>
			<IsPrimaryColourCustom>false</IsPrimaryColourCustom>
			<IsSecondaryColourCustom>false</IsSecondaryColourCustom>
			<tyreSmoke_R>255</tyreSmoke_R>
			<tyreSmoke_G>255</tyreSmoke_G>
			<tyreSmoke_B>255</tyreSmoke_B>
			<LrInterior>0</LrInterior>
			<LrDashboard>0</LrDashboard>
		</Colours>
		<Livery>-1</Livery>
		<NumberPlateText>28ZCB626</NumberPlateText>
		<NumberPlateIndex>4</NumberPlateIndex>
		<WheelType>0</WheelType>
		<WheelsInvisible>false</WheelsInvisible>
		<EngineSoundName />
		<WindowTint>-1</WindowTint>
		<BulletProofTyres>true</BulletProofTyres>
		<DirtLevel>2.13921285</DirtLevel>
		<PaintFade>0.298039228</PaintFade>
		<RoofState>0</RoofState>
		<SirenActive>false</SirenActive>
		<EngineOn>true</EngineOn>
		<EngineHealth>1000</EngineHealth>
		<LightsOn>false</LightsOn>
		<IsRadioLoud>0</IsRadioLoud>
		<LockStatus>1</LockStatus>
		<Neons>
			<Left>false</Left>
			<Right>false</Right>
			<Front>false</Front>
			<Back>false</Back>
			<R>255</R>
			<G>0</G>
			<B>255</B>
		</Neons>
		<ModExtras>
			<_1>true</_1>
			<_2>true</_2>
			<_3>true</_3>
			<_4>true</_4>
			<_5>true</_5>
			<_6>true</_6>
			<_7>true</_7>
			<_8>true</_8>
			<_9>true</_9>
			<_10>true</_10>
			<_12>true</_12>
			<_13>true</_13>
		</ModExtras>
		<Mods>
			<_0>-1,0</_0>
			<_1>-1,0</_1>
			<_2>-1,0</_2>
			<_3>-1,0</_3>
			<_4>-1,0</_4>
			<_5>-1,0</_5>
			<_6>-1,0</_6>
			<_7>-1,0</_7>
			<_8>-1,0</_8>
			<_9>-1,0</_9>
			<_10>-1,0</_10>
			<_11>-1,0</_11>
			<_12>-1,0</_12>
			<_13>-1,0</_13>
			<_14>-1,0</_14>
			<_15>-1,0</_15>
			<_16>-1,0</_16>
			<_17>false</_17>
			<_18>false</_18>
			<_19>false</_19>
			<_20>false</_20>
			<_21>false</_21>
			<_22>false</_22>
			<_23>-1,0</_23>
			<_24>-1,0</_24>
			<_25>-1,0</_25>
			<_26>-1,0</_26>
			<_27>-1,0</_27>
			<_28>-1,0</_28>
			<_29>-1,0</_29>
			<_30>-1,0</_30>
			<_31>-1,0</_31>
			<_32>-1,0</_32>
			<_33>-1,0</_33>
			<_34>-1,0</_34>
			<_35>-1,0</_35>
			<_36>-1,0</_36>
			<_37>-1,0</_37>
			<_38>-1,0</_38>
			<_39>-1,0</_39>
			<_40>-1,0</_40>
			<_41>-1,0</_41>
			<_42>-1,0</_42>
			<_43>-1,0</_43>
			<_44>-1,0</_44>
			<_45>-1,0</_45>
			<_46>-1,0</_46>
			<_47>-1,0</_47>
			<_48>-1,0</_48>
		</Mods>
		<DoorsOpen>
			<BackLeftDoor>false</BackLeftDoor>
			<BackRightDoor>false</BackRightDoor>
			<FrontLeftDoor>false</FrontLeftDoor>
			<FrontRightDoor>false</FrontRightDoor>
			<Hood>false</Hood>
			<Trunk>false</Trunk>
			<Trunk2>false</Trunk2>
		</DoorsOpen>
		<DoorsBroken>
			<BackLeftDoor>false</BackLeftDoor>
			<BackRightDoor>false</BackRightDoor>
			<FrontLeftDoor>false</FrontLeftDoor>
			<FrontRightDoor>false</FrontRightDoor>
			<Hood>false</Hood>
			<Trunk>false</Trunk>
			<Trunk2>false</Trunk2>
		</DoorsBroken>
		<TyresBursted>
			<FrontLeft>false</FrontLeft>
			<FrontRight>false</FrontRight>
			<_2>false</_2>
			<_3>false</_3>
			<BackLeft>false</BackLeft>
			<BackRight>false</BackRight>
			<_6>false</_6>
			<_7>false</_7>
			<_8>false</_8>
		</TyresBursted>
		<RpmMultiplier>1</RpmMultiplier>
		<TorqueMultiplier>1</TorqueMultiplier>
		<HeadlightIntensity>1</HeadlightIntensity>
	</VehicleProperties>
	<OpacityLevel>255</OpacityLevel>
	<LodDistance>16960</LodDistance>
	<IsVisible>true</IsVisible>
	<IsDriverVisible>true</IsDriverVisible>
	<MaxHealth>1000</MaxHealth>
	<Health>999</Health>
	<HasGravity>true</HasGravity>
	<IsOnFire>false</IsOnFire>
	<IsInvincible>true</IsInvincible>
	<IsBulletProof>false</IsBulletProof>
	<IsExplosionProof>true</IsExplosionProof>
	<IsFireProof>false</IsFireProof>
	<IsMeleeProof>true</IsMeleeProof>
	<IsOnlyDamagedByPlayer>false</IsOnlyDamagedByPlayer>
	<SpoonerAttachments SetAttachmentsPersistentAndAddToSpoonerDatabase="true" StartTaskSequencesOnLoad="true">
		<Attachment>
			<ModelHash>0xc54c0cd2</ModelHash>
			<Type>3</Type>
			<Dynamic>false</Dynamic>
			<FrozenPos>true</FrozenPos>
			<HashName>prop_huge_display_01</HashName>
			<InitialHandle>90406</InitialHandle>
			<ObjectProperties>
				<TextureVariation>0</TextureVariation>
			</ObjectProperties>
			<OpacityLevel>255</OpacityLevel>
			<LodDistance>16960</LodDistance>
			<IsVisible>true</IsVisible>
			<MaxHealth>1000</MaxHealth>
			<Health>1000</Health>
			<HasGravity>true</HasGravity>
			<IsOnFire>false</IsOnFire>
			<IsInvincible>false</IsInvincible>
			<IsBulletProof>false</IsBulletProof>
			<IsCollisionProof>false</IsCollisionProof>
			<IsExplosionProof>false</IsExplosionProof>
			<IsFireProof>false</IsFireProof>
			<IsMeleeProof>false</IsMeleeProof>
			<IsOnlyDamagedByPlayer>false</IsOnlyDamagedByPlayer>
			<PositionRotation>
				<X>-1304.18225</X>
				<Y>-3046.33838</Y>
				<Z>21.4301262</Z>
				<Pitch>-0.0161559805</Pitch>
				<Roll>0.08451242</Roll>
				<Yaw>162.513748</Yaw>
			</PositionRotation>
			<Attachment isAttached="true">
				<AttachedTo>163624</AttachedTo>
				<BoneIndex>0</BoneIndex>
				<X>-7.29999924</X>
				<Y>2.69999933</Y>
				<Z>5.19999838</Z>
				<Pitch>0</Pitch>
				<Roll>0</Roll>
				<Yaw>-89.9999924</Yaw>
			</Attachment>
		</Attachment>
		<Attachment>
			<ModelHash>0xc54c0cd2</ModelHash>
			<Type>3</Type>
			<Dynamic>false</Dynamic>
			<FrozenPos>true</FrozenPos>
			<HashName>prop_huge_display_01</HashName>
			<InitialHandle>133672</InitialHandle>
			<ObjectProperties>
				<TextureVariation>0</TextureVariation>
			</ObjectProperties>
			<OpacityLevel>255</OpacityLevel>
			<LodDistance>16960</LodDistance>
			<IsVisible>true</IsVisible>
			<MaxHealth>1000</MaxHealth>
			<Health>1000</Health>
			<HasGravity>true</HasGravity>
			<IsOnFire>false</IsOnFire>
			<IsInvincible>false</IsInvincible>
			<IsBulletProof>false</IsBulletProof>
			<IsCollisionProof>false</IsCollisionProof>
			<IsExplosionProof>false</IsExplosionProof>
			<IsFireProof>false</IsFireProof>
			<IsMeleeProof>false</IsMeleeProof>
			<IsOnlyDamagedByPlayer>false</IsOnlyDamagedByPlayer>
			<PositionRotation>
				<X>-1314.76929</X>
				<Y>-3043.00317</Y>
				<Z>21.4137535</Z>
				<Pitch>-0.0161559805</Pitch>
				<Roll>0.08451242</Roll>
				<Yaw>162.513748</Yaw>
			</PositionRotation>
			<Attachment isAttached="true">
				<AttachedTo>163624</AttachedTo>
				<BoneIndex>0</BoneIndex>
				<X>-7.29999924</X>
				<Y>-8.3999958</Y>
				<Z>5.19999838</Z>
				<Pitch>0</Pitch>
				<Roll>0</Roll>
				<Yaw>-89.9999924</Yaw>
			</Attachment>
		</Attachment>
		<Attachment>
			<ModelHash>0x2f9f084d</ModelHash>
			<Type>3</Type>
			<Dynamic>false</Dynamic>
			<FrozenPos>true</FrozenPos>
			<HashName>ba_prop_battle_glowstick_01</HashName>
			<InitialHandle>123914</InitialHandle>
			<ObjectProperties>
				<TextureVariation>0</TextureVariation>
			</ObjectProperties>
			<OpacityLevel>255</OpacityLevel>
			<LodDistance>16960</LodDistance>
			<IsVisible>true</IsVisible>
			<MaxHealth>1000</MaxHealth>
			<Health>1000</Health>
			<HasGravity>true</HasGravity>
			<IsOnFire>false</IsOnFire>
			<IsInvincible>false</IsInvincible>
			<IsBulletProof>false</IsBulletProof>
			<IsCollisionProof>false</IsCollisionProof>
			<IsExplosionProof>false</IsExplosionProof>
			<IsFireProof>false</IsFireProof>
			<IsMeleeProof>false</IsMeleeProof>
			<IsOnlyDamagedByPlayer>false</IsOnlyDamagedByPlayer>
			<PositionRotation>
				<X>-1300.80408</X>
				<Y>-3047.23975</Y>
				<Z>23.798418</Z>
				<Pitch>-0.0868527591</Pitch>
				<Roll>0.0717393234</Roll>
				<Yaw>165.827362</Yaw>
			</PositionRotation>
			<Attachment isAttached="true">
				<AttachedTo>163624</AttachedTo>
				<BoneIndex>0</BoneIndex>
				<X>-7.45610952</X>
				<Y>6.19641399</Y>
				<Z>7.56309319</Z>
				<Pitch>-0.0756085888</Pitch>
				<Roll>-0.0135657042</Roll>
				<Yaw>-86.6864929</Yaw>
			</Attachment>
		</Attachment>
		<Attachment>
			<ModelHash>0x2f9f084d</ModelHash>
			<Type>3</Type>
			<Dynamic>false</Dynamic>
			<FrozenPos>true</FrozenPos>
			<HashName>ba_prop_battle_glowstick_01</HashName>
			<InitialHandle>103528</InitialHandle>
			<ObjectProperties>
				<TextureVariation>0</TextureVariation>
			</ObjectProperties>
			<OpacityLevel>255</OpacityLevel>
			<LodDistance>16960</LodDistance>
			<IsVisible>true</IsVisible>
			<MaxHealth>1000</MaxHealth>
			<Health>1000</Health>
			<HasGravity>true</HasGravity>
			<IsOnFire>false</IsOnFire>
			<IsInvincible>false</IsInvincible>
			<IsBulletProof>false</IsBulletProof>
			<IsCollisionProof>false</IsCollisionProof>
			<IsExplosionProof>false</IsExplosionProof>
			<IsFireProof>false</IsFireProof>
			<IsMeleeProof>false</IsMeleeProof>
			<IsOnlyDamagedByPlayer>false</IsOnlyDamagedByPlayer>
			<PositionRotation>
				<X>-1300.78577</X>
				<Y>-3047.24487</Y>
				<Z>22.5194626</Z>
				<Pitch>-0.0865945816</Pitch>
				<Roll>0.0717729554</Roll>
				<Yaw>166.000748</Yaw>
			</PositionRotation>
			<Attachment isAttached="true">
				<AttachedTo>163624</AttachedTo>
				<BoneIndex>0</BoneIndex>
				<X>-7.45625162</X>
				<Y>6.21358156</Y>
				<Z>6.28411007</Z>
				<Pitch>-0.0756085888</Pitch>
				<Roll>-0.0135657042</Roll>
				<Yaw>-86.5131226</Yaw>
			</Attachment>
		</Attachment>
		<Attachment>
			<ModelHash>0x2f9f084d</ModelHash>
			<Type>3</Type>
			<Dynamic>false</Dynamic>
			<FrozenPos>true</FrozenPos>
			<HashName>ba_prop_battle_glowstick_01</HashName>
			<InitialHandle>94508</InitialHandle>
			<ObjectProperties>
				<TextureVariation>0</TextureVariation>
			</ObjectProperties>
			<OpacityLevel>255</OpacityLevel>
			<LodDistance>16960</LodDistance>
			<IsVisible>true</IsVisible>
			<MaxHealth>1000</MaxHealth>
			<Health>1000</Health>
			<HasGravity>true</HasGravity>
			<IsOnFire>false</IsOnFire>
			<IsInvincible>false</IsInvincible>
			<IsBulletProof>false</IsBulletProof>
			<IsCollisionProof>false</IsCollisionProof>
			<IsExplosionProof>false</IsExplosionProof>
			<IsFireProof>false</IsFireProof>
			<IsMeleeProof>false</IsMeleeProof>
			<IsOnlyDamagedByPlayer>false</IsOnlyDamagedByPlayer>
			<PositionRotation>
				<X>-1300.77637</X>
				<Y>-3047.2478</Y>
				<Z>21.3755264</Z>
				<Pitch>-0.0864653811</Pitch>
				<Roll>0.0717895031</Roll>
				<Yaw>166.087494</Yaw>
			</PositionRotation>
			<Attachment isAttached="true">
				<AttachedTo>163624</AttachedTo>
				<BoneIndex>0</BoneIndex>
				<X>-7.45604181</X>
				<Y>6.22169399</Y>
				<Z>5.14016199</Z>
				<Pitch>-0.0756085888</Pitch>
				<Roll>-0.0135657042</Roll>
				<Yaw>-86.4263763</Yaw>
			</Attachment>
		</Attachment>
		<Attachment>
			<ModelHash>0x2f9f084d</ModelHash>
			<Type>3</Type>
			<Dynamic>false</Dynamic>
			<FrozenPos>true</FrozenPos>
			<HashName>ba_prop_battle_glowstick_01</HashName>
			<InitialHandle>3593</InitialHandle>
			<ObjectProperties>
				<TextureVariation>0</TextureVariation>
			</ObjectProperties>
			<OpacityLevel>255</OpacityLevel>
			<LodDistance>16960</LodDistance>
			<IsVisible>true</IsVisible>
			<MaxHealth>1000</MaxHealth>
			<Health>1000</Health>
			<HasGravity>true</HasGravity>
			<IsOnFire>false</IsOnFire>
			<IsInvincible>false</IsInvincible>
			<IsBulletProof>false</IsBulletProof>
			<IsCollisionProof>false</IsCollisionProof>
			<IsExplosionProof>false</IsExplosionProof>
			<IsFireProof>false</IsFireProof>
			<IsMeleeProof>false</IsMeleeProof>
			<IsOnlyDamagedByPlayer>false</IsOnlyDamagedByPlayer>
			<PositionRotation>
				<X>-1302.88147</X>
				<Y>-3046.58521</Y>
				<Z>23.7949944</Z>
				<Pitch>-0.0946592391</Pitch>
				<Roll>0.0703417212</Roll>
				<Yaw>160.54451</Yaw>
			</PositionRotation>
			<Attachment isAttached="true">
				<AttachedTo>163624</AttachedTo>
				<BoneIndex>0</BoneIndex>
				<X>-7.45617151</X>
				<Y>4.01831961</Y>
				<Z>7.56288147</Z>
				<Pitch>-0.0756085888</Pitch>
				<Roll>-0.0135657042</Roll>
				<Yaw>-91.9693451</Yaw>
			</Attachment>
		</Attachment>
		<Attachment>
			<ModelHash>0x2f9f084d</ModelHash>
			<Type>3</Type>
			<Dynamic>false</Dynamic>
			<FrozenPos>true</FrozenPos>
			<HashName>ba_prop_battle_glowstick_01</HashName>
			<InitialHandle>59917</InitialHandle>
			<ObjectProperties>
				<TextureVariation>0</TextureVariation>
			</ObjectProperties>
			<OpacityLevel>255</OpacityLevel>
			<LodDistance>16960</LodDistance>
			<IsVisible>true</IsVisible>
			<MaxHealth>1000</MaxHealth>
			<Health>1000</Health>
			<HasGravity>true</HasGravity>
			<IsOnFire>false</IsOnFire>
			<IsInvincible>false</IsInvincible>
			<IsBulletProof>false</IsBulletProof>
			<IsCollisionProof>false</IsCollisionProof>
			<IsExplosionProof>false</IsExplosionProof>
			<IsFireProof>false</IsFireProof>
			<IsMeleeProof>false</IsMeleeProof>
			<IsOnlyDamagedByPlayer>false</IsOnlyDamagedByPlayer>
			<PositionRotation>
				<X>-1302.83508</X>
				<Y>-3046.59961</Y>
				<Z>22.5746346</Z>
				<Pitch>-0.0941514075</Pitch>
				<Roll>0.0704554021</Roll>
				<Yaw>160.891052</Yaw>
			</PositionRotation>
			<Attachment isAttached="true">
				<AttachedTo>163624</AttachedTo>
				<BoneIndex>0</BoneIndex>
				<X>-7.45606279</X>
				<Y>4.06505632</Y>
				<Z>6.3424511</Z>
				<Pitch>-0.0756085888</Pitch>
				<Roll>-0.0135657042</Roll>
				<Yaw>-91.622818</Yaw>
			</Attachment>
		</Attachment>
		<Attachment>
			<ModelHash>0x2f9f084d</ModelHash>
			<Type>3</Type>
			<Dynamic>false</Dynamic>
			<FrozenPos>true</FrozenPos>
			<HashName>ba_prop_battle_glowstick_01</HashName>
			<InitialHandle>59404</InitialHandle>
			<ObjectProperties>
				<TextureVariation>0</TextureVariation>
			</ObjectProperties>
			<OpacityLevel>255</OpacityLevel>
			<LodDistance>16960</LodDistance>
			<IsVisible>true</IsVisible>
			<MaxHealth>1000</MaxHealth>
			<Health>1000</Health>
			<HasGravity>true</HasGravity>
			<IsOnFire>false</IsOnFire>
			<IsInvincible>false</IsInvincible>
			<IsBulletProof>false</IsBulletProof>
			<IsCollisionProof>false</IsCollisionProof>
			<IsExplosionProof>false</IsExplosionProof>
			<IsFireProof>false</IsFireProof>
			<IsMeleeProof>false</IsMeleeProof>
			<IsOnlyDamagedByPlayer>false</IsOnlyDamagedByPlayer>
			<PositionRotation>
				<X>-1302.75623</X>
				<Y>-3046.62378</Y>
				<Z>21.2658157</Z>
				<Pitch>-0.0932611153</Pitch>
				<Roll>0.0706469342</Roll>
				<Yaw>161.497467</Yaw>
			</PositionRotation>
			<Attachment isAttached="true">
				<AttachedTo>163624</AttachedTo>
				<BoneIndex>0</BoneIndex>
				<X>-7.45626307</X>
				<Y>4.14571762</Y>
				<Z>5.03351164</Z>
				<Pitch>-0.0756085888</Pitch>
				<Roll>-0.0135657042</Roll>
				<Yaw>-91.0163879</Yaw>
			</Attachment>
		</Attachment>
		<Attachment>
			<ModelHash>0x2f9f084d</ModelHash>
			<Type>3</Type>
			<Dynamic>false</Dynamic>
			<FrozenPos>true</FrozenPos>
			<HashName>ba_prop_battle_glowstick_01</HashName>
			<InitialHandle>66093</InitialHandle>
			<ObjectProperties>
				<TextureVariation>0</TextureVariation>
			</ObjectProperties>
			<OpacityLevel>255</OpacityLevel>
			<LodDistance>16960</LodDistance>
			<IsVisible>true</IsVisible>
			<MaxHealth>1000</MaxHealth>
			<Health>1000</Health>
			<HasGravity>true</HasGravity>
			<IsOnFire>false</IsOnFire>
			<IsInvincible>false</IsInvincible>
			<IsBulletProof>false</IsBulletProof>
			<IsCollisionProof>false</IsCollisionProof>
			<IsExplosionProof>false</IsExplosionProof>
			<IsFireProof>false</IsFireProof>
			<IsMeleeProof>false</IsMeleeProof>
			<IsOnlyDamagedByPlayer>false</IsOnlyDamagedByPlayer>
			<PositionRotation>
				<X>-1300.42163</X>
				<Y>-3047.36011</Y>
				<Z>23.1990089</Z>
				<Pitch>-0.0868526101</Pitch>
				<Roll>-89.9282455</Roll>
				<Yaw>165.827362</Yaw>
			</PositionRotation>
			<Attachment isAttached="true">
				<AttachedTo>163624</AttachedTo>
				<BoneIndex>0</BoneIndex>
				<X>-7.45610905</X>
				<Y>6.59641361</Y>
				<Z>6.96309376</Z>
				<Pitch>-0.0756085888</Pitch>
				<Roll>-90.0135651</Roll>
				<Yaw>-86.6864929</Yaw>
			</Attachment>
		</Attachment>
		<Attachment>
			<ModelHash>0x2f9f084d</ModelHash>
			<Type>3</Type>
			<Dynamic>false</Dynamic>
			<FrozenPos>true</FrozenPos>
			<HashName>ba_prop_battle_glowstick_01</HashName>
			<InitialHandle>58629</InitialHandle>
			<ObjectProperties>
				<TextureVariation>0</TextureVariation>
			</ObjectProperties>
			<OpacityLevel>255</OpacityLevel>
			<LodDistance>16960</LodDistance>
			<IsVisible>true</IsVisible>
			<MaxHealth>1000</MaxHealth>
			<Health>1000</Health>
			<HasGravity>true</HasGravity>
			<IsOnFire>false</IsOnFire>
			<IsInvincible>false</IsInvincible>
			<IsBulletProof>false</IsBulletProof>
			<IsCollisionProof>false</IsCollisionProof>
			<IsExplosionProof>false</IsExplosionProof>
			<IsFireProof>false</IsFireProof>
			<IsMeleeProof>false</IsMeleeProof>
			<IsOnlyDamagedByPlayer>false</IsOnlyDamagedByPlayer>
			<PositionRotation>
				<X>-1301.18286</X>
				<Y>-3047.11987</Y>
				<Z>21.9978313</Z>
				<Pitch>-0.0868526101</Pitch>
				<Roll>-89.9282455</Roll>
				<Yaw>165.827362</Yaw>
			</PositionRotation>
			<Attachment isAttached="true">
				<AttachedTo>163624</AttachedTo>
				<BoneIndex>0</BoneIndex>
				<X>-7.45610905</X>
				<Y>5.79641438</Y>
				<Z>5.7630949</Z>
				<Pitch>-0.0756085888</Pitch>
				<Roll>-90.0135651</Roll>
				<Yaw>-86.6864929</Yaw>
			</Attachment>
		</Attachment>
		<Attachment>
			<ModelHash>0x2f9f084d</ModelHash>
			<Type>3</Type>
			<Dynamic>false</Dynamic>
			<FrozenPos>true</FrozenPos>
			<HashName>ba_prop_battle_glowstick_01</HashName>
			<InitialHandle>159276</InitialHandle>
			<ObjectProperties>
				<TextureVariation>0</TextureVariation>
			</ObjectProperties>
			<OpacityLevel>255</OpacityLevel>
			<LodDistance>16960</LodDistance>
			<IsVisible>true</IsVisible>
			<MaxHealth>1000</MaxHealth>
			<Health>1000</Health>
			<HasGravity>true</HasGravity>
			<IsOnFire>false</IsOnFire>
			<IsInvincible>false</IsInvincible>
			<IsBulletProof>false</IsBulletProof>
			<IsCollisionProof>false</IsCollisionProof>
			<IsExplosionProof>false</IsExplosionProof>
			<IsFireProof>false</IsFireProof>
			<IsMeleeProof>false</IsMeleeProof>
			<IsOnlyDamagedByPlayer>false</IsOnlyDamagedByPlayer>
			<PositionRotation>
				<X>-1302.42285</X>
				<Y>-3046.72925</Y>
				<Z>21.9959145</Z>
				<Pitch>-0.0868526101</Pitch>
				<Roll>-89.9282455</Roll>
				<Yaw>165.827362</Yaw>
			</PositionRotation>
			<Attachment isAttached="true">
				<AttachedTo>163624</AttachedTo>
				<BoneIndex>0</BoneIndex>
				<X>-7.45610905</X>
				<Y>4.49641562</Y>
				<Z>5.7630949</Z>
				<Pitch>-0.0756085888</Pitch>
				<Roll>-90.0135651</Roll>
				<Yaw>-86.6864929</Yaw>
			</Attachment>
		</Attachment>
		<Attachment>
			<ModelHash>0x2f9f084d</ModelHash>
			<Type>3</Type>
			<Dynamic>false</Dynamic>
			<FrozenPos>true</FrozenPos>
			<HashName>ba_prop_battle_glowstick_01</HashName>
			<InitialHandle>137482</InitialHandle>
			<ObjectProperties>
				<TextureVariation>0</TextureVariation>
			</ObjectProperties>
			<OpacityLevel>255</OpacityLevel>
			<LodDistance>16960</LodDistance>
			<IsVisible>true</IsVisible>
			<MaxHealth>1000</MaxHealth>
			<Health>1000</Health>
			<HasGravity>true</HasGravity>
			<IsOnFire>false</IsOnFire>
			<IsInvincible>false</IsInvincible>
			<IsBulletProof>false</IsBulletProof>
			<IsCollisionProof>false</IsCollisionProof>
			<IsExplosionProof>false</IsExplosionProof>
			<IsFireProof>false</IsFireProof>
			<IsMeleeProof>false</IsMeleeProof>
			<IsOnlyDamagedByPlayer>false</IsOnlyDamagedByPlayer>
			<PositionRotation>
				<X>-1302.42456</X>
				<Y>-3046.729</Y>
				<Z>23.1959114</Z>
				<Pitch>-0.0868526101</Pitch>
				<Roll>-89.9282455</Roll>
				<Yaw>165.827362</Yaw>
			</PositionRotation>
			<Attachment isAttached="true">
				<AttachedTo>163624</AttachedTo>
				<BoneIndex>0</BoneIndex>
				<X>-7.45610905</X>
				<Y>4.49641562</Y>
				<Z>6.96309376</Z>
				<Pitch>-0.0756085888</Pitch>
				<Roll>-90.0135651</Roll>
				<Yaw>-86.6864929</Yaw>
			</Attachment>
		</Attachment>
		<Attachment>
			<ModelHash>0x2f9f084d</ModelHash>
			<Type>3</Type>
			<Dynamic>false</Dynamic>
			<FrozenPos>true</FrozenPos>
			<HashName>ba_prop_battle_glowstick_01</HashName>
			<InitialHandle>93486</InitialHandle>
			<ObjectProperties>
				<TextureVariation>0</TextureVariation>
			</ObjectProperties>
			<OpacityLevel>255</OpacityLevel>
			<LodDistance>16960</LodDistance>
			<IsVisible>true</IsVisible>
			<MaxHealth>1000</MaxHealth>
			<Health>1000</Health>
			<HasGravity>true</HasGravity>
			<IsOnFire>false</IsOnFire>
			<IsInvincible>false</IsInvincible>
			<IsBulletProof>false</IsBulletProof>
			<IsCollisionProof>false</IsCollisionProof>
			<IsExplosionProof>false</IsExplosionProof>
			<IsFireProof>false</IsFireProof>
			<IsMeleeProof>false</IsMeleeProof>
			<IsOnlyDamagedByPlayer>false</IsOnlyDamagedByPlayer>
			<PositionRotation>
				<X>-1304.1416</X>
				<Y>-3046.18823</Y>
				<Z>23.2932568</Z>
				<Pitch>-0.0868526101</Pitch>
				<Roll>-89.9282455</Roll>
				<Yaw>165.827362</Yaw>
			</PositionRotation>
			<Attachment isAttached="true">
				<AttachedTo>163624</AttachedTo>
				<BoneIndex>0</BoneIndex>
				<X>-7.45610905</X>
				<Y>2.69641733</Y>
				<Z>7.06309366</Z>
				<Pitch>-0.0756085888</Pitch>
				<Roll>-90.0135651</Roll>
				<Yaw>-86.6864929</Yaw>
			</Attachment>
		</Attachment>
		<Attachment>
			<ModelHash>0x2f9f084d</ModelHash>
			<Type>3</Type>
			<Dynamic>false</Dynamic>
			<FrozenPos>true</FrozenPos>
			<HashName>ba_prop_battle_glowstick_01</HashName>
			<InitialHandle>50474</InitialHandle>
			<ObjectProperties>
				<TextureVariation>0</TextureVariation>
			</ObjectProperties>
			<OpacityLevel>255</OpacityLevel>
			<LodDistance>16960</LodDistance>
			<IsVisible>true</IsVisible>
			<MaxHealth>1000</MaxHealth>
			<Health>1000</Health>
			<HasGravity>true</HasGravity>
			<IsOnFire>false</IsOnFire>
			<IsInvincible>false</IsInvincible>
			<IsBulletProof>false</IsBulletProof>
			<IsCollisionProof>false</IsCollisionProof>
			<IsExplosionProof>false</IsExplosionProof>
			<IsFireProof>false</IsFireProof>
			<IsMeleeProof>false</IsMeleeProof>
			<IsOnlyDamagedByPlayer>false</IsOnlyDamagedByPlayer>
			<PositionRotation>
				<X>-1304.13989</X>
				<Y>-3046.18823</Y>
				<Z>22.1932602</Z>
				<Pitch>-0.0868526101</Pitch>
				<Roll>-89.9282455</Roll>
				<Yaw>165.827362</Yaw>
			</PositionRotation>
			<Attachment isAttached="true">
				<AttachedTo>163624</AttachedTo>
				<BoneIndex>0</BoneIndex>
				<X>-7.45610905</X>
				<Y>2.69641733</Y>
				<Z>5.96309471</Z>
				<Pitch>-0.0756085888</Pitch>
				<Roll>-90.0135651</Roll>
				<Yaw>-86.6864929</Yaw>
			</Attachment>
		</Attachment>
		<Attachment>
			<ModelHash>0x2f9f084d</ModelHash>
			<Type>3</Type>
			<Dynamic>false</Dynamic>
			<FrozenPos>true</FrozenPos>
			<HashName>ba_prop_battle_glowstick_01</HashName>
			<InitialHandle>49675</InitialHandle>
			<ObjectProperties>
				<TextureVariation>0</TextureVariation>
			</ObjectProperties>
			<OpacityLevel>255</OpacityLevel>
			<LodDistance>16960</LodDistance>
			<IsVisible>true</IsVisible>
			<MaxHealth>1000</MaxHealth>
			<Health>1000</Health>
			<HasGravity>true</HasGravity>
			<IsOnFire>false</IsOnFire>
			<IsInvincible>false</IsInvincible>
			<IsBulletProof>false</IsBulletProof>
			<IsCollisionProof>false</IsCollisionProof>
			<IsExplosionProof>false</IsExplosionProof>
			<IsFireProof>false</IsFireProof>
			<IsMeleeProof>false</IsMeleeProof>
			<IsOnlyDamagedByPlayer>false</IsOnlyDamagedByPlayer>
			<PositionRotation>
				<X>-1304.13916</X>
				<Y>-3046.18848</Y>
				<Z>21.6932602</Z>
				<Pitch>-0.0868526101</Pitch>
				<Roll>-89.9282455</Roll>
				<Yaw>165.827362</Yaw>
			</PositionRotation>
			<Attachment isAttached="true">
				<AttachedTo>163624</AttachedTo>
				<BoneIndex>0</BoneIndex>
				<X>-7.45610905</X>
				<Y>2.69641733</Y>
				<Z>5.46309519</Z>
				<Pitch>-0.0756085888</Pitch>
				<Roll>-90.0135651</Roll>
				<Yaw>-86.6864929</Yaw>
			</Attachment>
		</Attachment>
		<Attachment>
			<ModelHash>0x2f9f084d</ModelHash>
			<Type>3</Type>
			<Dynamic>false</Dynamic>
			<FrozenPos>true</FrozenPos>
			<HashName>ba_prop_battle_glowstick_01</HashName>
			<InitialHandle>144907</InitialHandle>
			<ObjectProperties>
				<TextureVariation>0</TextureVariation>
			</ObjectProperties>
			<OpacityLevel>255</OpacityLevel>
			<LodDistance>16960</LodDistance>
			<IsVisible>true</IsVisible>
			<MaxHealth>1000</MaxHealth>
			<Health>1000</Health>
			<HasGravity>true</HasGravity>
			<IsOnFire>false</IsOnFire>
			<IsInvincible>false</IsInvincible>
			<IsBulletProof>false</IsBulletProof>
			<IsCollisionProof>false</IsCollisionProof>
			<IsExplosionProof>false</IsExplosionProof>
			<IsFireProof>false</IsFireProof>
			<IsMeleeProof>false</IsMeleeProof>
			<IsOnlyDamagedByPlayer>false</IsOnlyDamagedByPlayer>
			<PositionRotation>
				<X>-1305.26672</X>
				<Y>-3045.93799</Y>
				<Z>21.6619511</Z>
				<Pitch>-0.0932654142</Pitch>
				<Roll>60.0706482</Roll>
				<Yaw>161.497467</Yaw>
			</PositionRotation>
			<Attachment isAttached="true">
				<AttachedTo>163624</AttachedTo>
				<BoneIndex>0</BoneIndex>
				<X>-7.35626316</X>
				<Y>1.5457195</Y>
				<Z>5.43351126</Z>
				<Pitch>-0.0756085888</Pitch>
				<Roll>59.9864273</Roll>
				<Yaw>-91.0163879</Yaw>
			</Attachment>
		</Attachment>
		<Attachment>
			<ModelHash>0x2f9f084d</ModelHash>
			<Type>3</Type>
			<Dynamic>false</Dynamic>
			<FrozenPos>true</FrozenPos>
			<HashName>ba_prop_battle_glowstick_01</HashName>
			<InitialHandle>151049</InitialHandle>
			<ObjectProperties>
				<TextureVariation>0</TextureVariation>
			</ObjectProperties>
			<OpacityLevel>255</OpacityLevel>
			<LodDistance>16960</LodDistance>
			<IsVisible>true</IsVisible>
			<MaxHealth>1000</MaxHealth>
			<Health>1000</Health>
			<HasGravity>true</HasGravity>
			<IsOnFire>false</IsOnFire>
			<IsInvincible>false</IsInvincible>
			<IsBulletProof>false</IsBulletProof>
			<IsCollisionProof>false</IsCollisionProof>
			<IsExplosionProof>false</IsExplosionProof>
			<IsFireProof>false</IsFireProof>
			<IsMeleeProof>false</IsMeleeProof>
			<IsOnlyDamagedByPlayer>false</IsOnlyDamagedByPlayer>
			<PositionRotation>
				<X>-1304.79114</X>
				<Y>-3046.08789</Y>
				<Z>22.5626869</Z>
				<Pitch>-0.0932654142</Pitch>
				<Roll>60.0706482</Roll>
				<Yaw>161.497467</Yaw>
			</PositionRotation>
			<Attachment isAttached="true">
				<AttachedTo>163624</AttachedTo>
				<BoneIndex>1</BoneIndex>
				<X>-7.35626316</X>
				<Y>2.04571962</Y>
				<Z>6.3335104</Z>
				<Pitch>-0.0756085888</Pitch>
				<Roll>59.9864273</Roll>
				<Yaw>-91.0163879</Yaw>
			</Attachment>
		</Attachment>
		<Attachment>
			<ModelHash>0x2f9f084d</ModelHash>
			<Type>3</Type>
			<Dynamic>false</Dynamic>
			<FrozenPos>true</FrozenPos>
			<HashName>ba_prop_battle_glowstick_01</HashName>
			<InitialHandle>78088</InitialHandle>
			<ObjectProperties>
				<TextureVariation>0</TextureVariation>
			</ObjectProperties>
			<OpacityLevel>255</OpacityLevel>
			<LodDistance>16960</LodDistance>
			<IsVisible>true</IsVisible>
			<MaxHealth>1000</MaxHealth>
			<Health>1000</Health>
			<HasGravity>true</HasGravity>
			<IsOnFire>false</IsOnFire>
			<IsInvincible>false</IsInvincible>
			<IsBulletProof>false</IsBulletProof>
			<IsCollisionProof>false</IsCollisionProof>
			<IsExplosionProof>false</IsExplosionProof>
			<IsFireProof>false</IsFireProof>
			<IsMeleeProof>false</IsMeleeProof>
			<IsOnlyDamagedByPlayer>false</IsOnlyDamagedByPlayer>
			<PositionRotation>
				<X>-1304.41064</X>
				<Y>-3046.20801</Y>
				<Z>23.2632751</Z>
				<Pitch>-0.0932654142</Pitch>
				<Roll>60.0706482</Roll>
				<Yaw>161.497467</Yaw>
			</PositionRotation>
			<Attachment isAttached="true">
				<AttachedTo>163624</AttachedTo>
				<BoneIndex>0</BoneIndex>
				<X>-7.35626316</X>
				<Y>2.44571924</Y>
				<Z>7.03350973</Z>
				<Pitch>-0.0756085888</Pitch>
				<Roll>59.9864311</Roll>
				<Yaw>-91.0163879</Yaw>
			</Attachment>
		</Attachment>
		<Attachment>
			<ModelHash>0x2f9f084d</ModelHash>
			<Type>3</Type>
			<Dynamic>false</Dynamic>
			<FrozenPos>true</FrozenPos>
			<HashName>ba_prop_battle_glowstick_01</HashName>
			<InitialHandle>149771</InitialHandle>
			<ObjectProperties>
				<TextureVariation>0</TextureVariation>
			</ObjectProperties>
			<OpacityLevel>255</OpacityLevel>
			<LodDistance>16960</LodDistance>
			<IsVisible>true</IsVisible>
			<MaxHealth>1000</MaxHealth>
			<Health>1000</Health>
			<HasGravity>true</HasGravity>
			<IsOnFire>false</IsOnFire>
			<IsInvincible>false</IsInvincible>
			<IsBulletProof>false</IsBulletProof>
			<IsCollisionProof>false</IsCollisionProof>
			<IsExplosionProof>false</IsExplosionProof>
			<IsFireProof>false</IsFireProof>
			<IsMeleeProof>false</IsMeleeProof>
			<IsOnlyDamagedByPlayer>false</IsOnlyDamagedByPlayer>
			<PositionRotation>
				<X>-1305.47449</X>
				<Y>-3045.76782</Y>
				<Z>21.6911945</Z>
				<Pitch>-0.0868526101</Pitch>
				<Roll>-89.9282455</Roll>
				<Yaw>165.827362</Yaw>
			</PositionRotation>
			<Attachment isAttached="true">
				<AttachedTo>163624</AttachedTo>
				<BoneIndex>0</BoneIndex>
				<X>-7.45610905</X>
				<Y>1.29641771</Y>
				<Z>5.46309519</Z>
				<Pitch>-0.0756085888</Pitch>
				<Roll>-90.0135651</Roll>
				<Yaw>-86.6864929</Yaw>
			</Attachment>
		</Attachment>
		<Attachment>
			<ModelHash>0x2f9f084d</ModelHash>
			<Type>3</Type>
			<Dynamic>false</Dynamic>
			<FrozenPos>true</FrozenPos>
			<HashName>ba_prop_battle_glowstick_01</HashName>
			<InitialHandle>44335</InitialHandle>
			<ObjectProperties>
				<TextureVariation>0</TextureVariation>
			</ObjectProperties>
			<OpacityLevel>255</OpacityLevel>
			<LodDistance>16960</LodDistance>
			<IsVisible>true</IsVisible>
			<MaxHealth>1000</MaxHealth>
			<Health>1000</Health>
			<HasGravity>true</HasGravity>
			<IsOnFire>false</IsOnFire>
			<IsInvincible>false</IsInvincible>
			<IsBulletProof>false</IsBulletProof>
			<IsCollisionProof>false</IsCollisionProof>
			<IsExplosionProof>false</IsExplosionProof>
			<IsFireProof>false</IsFireProof>
			<IsMeleeProof>false</IsMeleeProof>
			<IsOnlyDamagedByPlayer>false</IsOnlyDamagedByPlayer>
			<PositionRotation>
				<X>-1305.47607</X>
				<Y>-3045.76758</Y>
				<Z>22.791193</Z>
				<Pitch>-0.0868526101</Pitch>
				<Roll>-89.9282455</Roll>
				<Yaw>165.827362</Yaw>
			</PositionRotation>
			<Attachment isAttached="true">
				<AttachedTo>163624</AttachedTo>
				<BoneIndex>0</BoneIndex>
				<X>-7.45610905</X>
				<Y>1.29641771</Y>
				<Z>6.56309414</Z>
				<Pitch>-0.0756085888</Pitch>
				<Roll>-90.0135651</Roll>
				<Yaw>-86.6864929</Yaw>
			</Attachment>
		</Attachment>
		<Attachment>
			<ModelHash>0x2f9f084d</ModelHash>
			<Type>3</Type>
			<Dynamic>false</Dynamic>
			<FrozenPos>true</FrozenPos>
			<HashName>ba_prop_battle_glowstick_01</HashName>
			<InitialHandle>64515</InitialHandle>
			<ObjectProperties>
				<TextureVariation>0</TextureVariation>
			</ObjectProperties>
			<OpacityLevel>255</OpacityLevel>
			<LodDistance>16960</LodDistance>
			<IsVisible>true</IsVisible>
			<MaxHealth>1000</MaxHealth>
			<Health>1000</Health>
			<HasGravity>true</HasGravity>
			<IsOnFire>false</IsOnFire>
			<IsInvincible>false</IsInvincible>
			<IsBulletProof>false</IsBulletProof>
			<IsCollisionProof>false</IsCollisionProof>
			<IsExplosionProof>false</IsExplosionProof>
			<IsFireProof>false</IsFireProof>
			<IsMeleeProof>false</IsMeleeProof>
			<IsOnlyDamagedByPlayer>false</IsOnlyDamagedByPlayer>
			<PositionRotation>
				<X>-1305.47693</X>
				<Y>-3045.76758</Y>
				<Z>23.2911911</Z>
				<Pitch>-0.0868526101</Pitch>
				<Roll>-89.9282455</Roll>
				<Yaw>165.827362</Yaw>
			</PositionRotation>
			<Attachment isAttached="true">
				<AttachedTo>163624</AttachedTo>
				<BoneIndex>0</BoneIndex>
				<X>-7.45610905</X>
				<Y>1.29641771</Y>
				<Z>7.06309366</Z>
				<Pitch>-0.0756085888</Pitch>
				<Roll>-90.0135651</Roll>
				<Yaw>-86.6864929</Yaw>
			</Attachment>
		</Attachment>
		<Attachment>
			<ModelHash>0x2f9f084d</ModelHash>
			<Type>3</Type>
			<Dynamic>false</Dynamic>
			<FrozenPos>true</FrozenPos>
			<HashName>ba_prop_battle_glowstick_01</HashName>
			<InitialHandle>20010</InitialHandle>
			<ObjectProperties>
				<TextureVariation>0</TextureVariation>
			</ObjectProperties>
			<OpacityLevel>255</OpacityLevel>
			<LodDistance>16960</LodDistance>
			<IsVisible>true</IsVisible>
			<MaxHealth>1000</MaxHealth>
			<Health>1000</Health>
			<HasGravity>true</HasGravity>
			<IsOnFire>false</IsOnFire>
			<IsInvincible>false</IsInvincible>
			<IsBulletProof>false</IsBulletProof>
			<IsCollisionProof>false</IsCollisionProof>
			<IsExplosionProof>false</IsExplosionProof>
			<IsFireProof>false</IsFireProof>
			<IsMeleeProof>false</IsMeleeProof>
			<IsOnlyDamagedByPlayer>false</IsOnlyDamagedByPlayer>
			<PositionRotation>
				<X>-1306.42822</X>
				<Y>-3045.46729</Y>
				<Z>21.6897202</Z>
				<Pitch>-0.0868526101</Pitch>
				<Roll>-89.9282455</Roll>
				<Yaw>165.827362</Yaw>
			</PositionRotation>
			<Attachment isAttached="true">
				<AttachedTo>163624</AttachedTo>
				<BoneIndex>0</BoneIndex>
				<X>-7.45610905</X>
				<Y>0.296417862</Y>
				<Z>5.46309519</Z>
				<Pitch>-0.0756085888</Pitch>
				<Roll>-90.0135651</Roll>
				<Yaw>-86.6864929</Yaw>
			</Attachment>
		</Attachment>
		<Attachment>
			<ModelHash>0x2f9f084d</ModelHash>
			<Type>3</Type>
			<Dynamic>false</Dynamic>
			<FrozenPos>true</FrozenPos>
			<HashName>ba_prop_battle_glowstick_01</HashName>
			<InitialHandle>99370</InitialHandle>
			<ObjectProperties>
				<TextureVariation>0</TextureVariation>
			</ObjectProperties>
			<OpacityLevel>255</OpacityLevel>
			<LodDistance>16960</LodDistance>
			<IsVisible>true</IsVisible>
			<MaxHealth>1000</MaxHealth>
			<Health>1000</Health>
			<HasGravity>true</HasGravity>
			<IsOnFire>false</IsOnFire>
			<IsInvincible>false</IsInvincible>
			<IsBulletProof>false</IsBulletProof>
			<IsCollisionProof>false</IsCollisionProof>
			<IsExplosionProof>false</IsExplosionProof>
			<IsFireProof>false</IsFireProof>
			<IsMeleeProof>false</IsMeleeProof>
			<IsOnlyDamagedByPlayer>false</IsOnlyDamagedByPlayer>
			<PositionRotation>
				<X>-1306.42993</X>
				<Y>-3045.46704</Y>
				<Z>22.7897186</Z>
				<Pitch>-0.0868526101</Pitch>
				<Roll>-89.9282455</Roll>
				<Yaw>165.827362</Yaw>
			</PositionRotation>
			<Attachment isAttached="true">
				<AttachedTo>163624</AttachedTo>
				<BoneIndex>0</BoneIndex>
				<X>-7.45610905</X>
				<Y>0.296417862</Y>
				<Z>6.56309414</Z>
				<Pitch>-0.0756085888</Pitch>
				<Roll>-90.0135651</Roll>
				<Yaw>-86.6864929</Yaw>
			</Attachment>
		</Attachment>
		<Attachment>
			<ModelHash>0x2f9f084d</ModelHash>
			<Type>3</Type>
			<Dynamic>false</Dynamic>
			<FrozenPos>true</FrozenPos>
			<HashName>ba_prop_battle_glowstick_01</HashName>
			<InitialHandle>31240</InitialHandle>
			<ObjectProperties>
				<TextureVariation>0</TextureVariation>
			</ObjectProperties>
			<OpacityLevel>255</OpacityLevel>
			<LodDistance>16960</LodDistance>
			<IsVisible>true</IsVisible>
			<MaxHealth>1000</MaxHealth>
			<Health>1000</Health>
			<HasGravity>true</HasGravity>
			<IsOnFire>false</IsOnFire>
			<IsInvincible>false</IsInvincible>
			<IsBulletProof>false</IsBulletProof>
			<IsCollisionProof>false</IsCollisionProof>
			<IsExplosionProof>false</IsExplosionProof>
			<IsFireProof>false</IsFireProof>
			<IsMeleeProof>false</IsMeleeProof>
			<IsOnlyDamagedByPlayer>false</IsOnlyDamagedByPlayer>
			<PositionRotation>
				<X>-1306.43066</X>
				<Y>-3045.46704</Y>
				<Z>23.2897167</Z>
				<Pitch>-0.0868526101</Pitch>
				<Roll>-89.9282455</Roll>
				<Yaw>165.827362</Yaw>
			</PositionRotation>
			<Attachment isAttached="true">
				<AttachedTo>163624</AttachedTo>
				<BoneIndex>0</BoneIndex>
				<X>-7.45610905</X>
				<Y>0.296417862</Y>
				<Z>7.06309366</Z>
				<Pitch>-0.0756085888</Pitch>
				<Roll>-90.0135651</Roll>
				<Yaw>-86.6864929</Yaw>
			</Attachment>
		</Attachment>
		<Attachment>
			<ModelHash>0x2f9f084d</ModelHash>
			<Type>3</Type>
			<Dynamic>false</Dynamic>
			<FrozenPos>true</FrozenPos>
			<HashName>ba_prop_battle_glowstick_01</HashName>
			<InitialHandle>76670</InitialHandle>
			<ObjectProperties>
				<TextureVariation>0</TextureVariation>
			</ObjectProperties>
			<OpacityLevel>255</OpacityLevel>
			<LodDistance>16960</LodDistance>
			<IsVisible>true</IsVisible>
			<MaxHealth>1000</MaxHealth>
			<Health>1000</Health>
			<HasGravity>true</HasGravity>
			<IsOnFire>false</IsOnFire>
			<IsInvincible>false</IsInvincible>
			<IsBulletProof>false</IsBulletProof>
			<IsCollisionProof>false</IsCollisionProof>
			<IsExplosionProof>false</IsExplosionProof>
			<IsFireProof>false</IsFireProof>
			<IsMeleeProof>false</IsMeleeProof>
			<IsOnlyDamagedByPlayer>false</IsOnlyDamagedByPlayer>
			<PositionRotation>
				<X>-1306.90771</X>
				<Y>-3045.31665</Y>
				<Z>23.388979</Z>
				<Pitch>-0.0868475884</Pitch>
				<Roll>-139.928238</Roll>
				<Yaw>165.827362</Yaw>
			</PositionRotation>
			<Attachment isAttached="true">
				<AttachedTo>163624</AttachedTo>
				<BoneIndex>0</BoneIndex>
				<X>-7.45610905</X>
				<Y>-0.203582078</Y>
				<Z>7.16309357</Z>
				<Pitch>-0.0756085888</Pitch>
				<Roll>-140.013565</Roll>
				<Yaw>-86.6864929</Yaw>
			</Attachment>
		</Attachment>
		<Attachment>
			<ModelHash>0x2f9f084d</ModelHash>
			<Type>3</Type>
			<Dynamic>false</Dynamic>
			<FrozenPos>true</FrozenPos>
			<HashName>ba_prop_battle_glowstick_01</HashName>
			<InitialHandle>158765</InitialHandle>
			<ObjectProperties>
				<TextureVariation>0</TextureVariation>
			</ObjectProperties>
			<OpacityLevel>255</OpacityLevel>
			<LodDistance>16960</LodDistance>
			<IsVisible>true</IsVisible>
			<MaxHealth>1000</MaxHealth>
			<Health>1000</Health>
			<HasGravity>true</HasGravity>
			<IsOnFire>false</IsOnFire>
			<IsInvincible>false</IsInvincible>
			<IsBulletProof>false</IsBulletProof>
			<IsCollisionProof>false</IsCollisionProof>
			<IsExplosionProof>false</IsExplosionProof>
			<IsFireProof>false</IsFireProof>
			<IsMeleeProof>false</IsMeleeProof>
			<IsOnlyDamagedByPlayer>false</IsOnlyDamagedByPlayer>
			<PositionRotation>
				<X>-1306.90515</X>
				<Y>-3045.31714</Y>
				<Z>21.688982</Z>
				<Pitch>-0.0868578404</Pitch>
				<Roll>-39.9282494</Roll>
				<Yaw>165.827362</Yaw>
			</PositionRotation>
			<Attachment isAttached="true">
				<AttachedTo>163624</AttachedTo>
				<BoneIndex>0</BoneIndex>
				<X>-7.45610905</X>
				<Y>-0.203582078</Y>
				<Z>5.46309519</Z>
				<Pitch>-0.0756085888</Pitch>
				<Roll>-40.0135651</Roll>
				<Yaw>-86.6864929</Yaw>
			</Attachment>
		</Attachment>
		<Attachment>
			<ModelHash>0x2f9f084d</ModelHash>
			<Type>3</Type>
			<Dynamic>false</Dynamic>
			<FrozenPos>true</FrozenPos>
			<HashName>ba_prop_battle_glowstick_01</HashName>
			<InitialHandle>122923</InitialHandle>
			<ObjectProperties>
				<TextureVariation>0</TextureVariation>
			</ObjectProperties>
			<OpacityLevel>255</OpacityLevel>
			<LodDistance>16960</LodDistance>
			<IsVisible>true</IsVisible>
			<MaxHealth>1000</MaxHealth>
			<Health>1000</Health>
			<HasGravity>true</HasGravity>
			<IsOnFire>false</IsOnFire>
			<IsInvincible>false</IsInvincible>
			<IsBulletProof>false</IsBulletProof>
			<IsCollisionProof>false</IsCollisionProof>
			<IsExplosionProof>false</IsExplosionProof>
			<IsFireProof>false</IsFireProof>
			<IsMeleeProof>false</IsMeleeProof>
			<IsOnlyDamagedByPlayer>false</IsOnlyDamagedByPlayer>
			<PositionRotation>
				<X>-1307.28784</X>
				<Y>-3045.19678</Y>
				<Z>22.4883919</Z>
				<Pitch>-0.0868526101</Pitch>
				<Roll>-89.9282455</Roll>
				<Yaw>165.827362</Yaw>
			</PositionRotation>
			<Attachment isAttached="true">
				<AttachedTo>163624</AttachedTo>
				<BoneIndex>0</BoneIndex>
				<X>-7.45610905</X>
				<Y>-0.603582025</Y>
				<Z>6.26309443</Z>
				<Pitch>-0.0756085888</Pitch>
				<Roll>-90.0135651</Roll>
				<Yaw>-86.6864929</Yaw>
			</Attachment>
		</Attachment>
		<Attachment>
			<ModelHash>0x2f9f084d</ModelHash>
			<Type>3</Type>
			<Dynamic>false</Dynamic>
			<FrozenPos>true</FrozenPos>
			<HashName>ba_prop_battle_glowstick_01</HashName>
			<InitialHandle>156199</InitialHandle>
			<ObjectProperties>
				<TextureVariation>0</TextureVariation>
			</ObjectProperties>
			<OpacityLevel>255</OpacityLevel>
			<LodDistance>16960</LodDistance>
			<IsVisible>true</IsVisible>
			<MaxHealth>1000</MaxHealth>
			<Health>1000</Health>
			<HasGravity>true</HasGravity>
			<IsOnFire>false</IsOnFire>
			<IsInvincible>false</IsInvincible>
			<IsBulletProof>false</IsBulletProof>
			<IsCollisionProof>false</IsCollisionProof>
			<IsExplosionProof>false</IsExplosionProof>
			<IsFireProof>false</IsFireProof>
			<IsMeleeProof>false</IsMeleeProof>
			<IsOnlyDamagedByPlayer>false</IsOnlyDamagedByPlayer>
			<PositionRotation>
				<X>-1310.72021</X>
				<Y>-3044.11523</Y>
				<Z>21.5830822</Z>
				<Pitch>-0.0868526101</Pitch>
				<Roll>-89.9282455</Roll>
				<Yaw>165.827362</Yaw>
			</PositionRotation>
			<Attachment isAttached="true">
				<AttachedTo>163624</AttachedTo>
				<BoneIndex>0</BoneIndex>
				<X>-7.45610905</X>
				<Y>-4.2035799</Y>
				<Z>5.36309528</Z>
				<Pitch>-0.0756085888</Pitch>
				<Roll>-90.0135651</Roll>
				<Yaw>-86.6864929</Yaw>
			</Attachment>
		</Attachment>
		<Attachment>
			<ModelHash>0x2f9f084d</ModelHash>
			<Type>3</Type>
			<Dynamic>false</Dynamic>
			<FrozenPos>true</FrozenPos>
			<HashName>ba_prop_battle_glowstick_01</HashName>
			<InitialHandle>111620</InitialHandle>
			<ObjectProperties>
				<TextureVariation>0</TextureVariation>
			</ObjectProperties>
			<OpacityLevel>255</OpacityLevel>
			<LodDistance>16960</LodDistance>
			<IsVisible>true</IsVisible>
			<MaxHealth>1000</MaxHealth>
			<Health>1000</Health>
			<HasGravity>true</HasGravity>
			<IsOnFire>false</IsOnFire>
			<IsInvincible>false</IsInvincible>
			<IsBulletProof>false</IsBulletProof>
			<IsCollisionProof>false</IsCollisionProof>
			<IsExplosionProof>false</IsExplosionProof>
			<IsFireProof>false</IsFireProof>
			<IsMeleeProof>false</IsMeleeProof>
			<IsOnlyDamagedByPlayer>false</IsOnlyDamagedByPlayer>
			<PositionRotation>
				<X>-1310.7218</X>
				<Y>-3044.11499</Y>
				<Z>22.6830807</Z>
				<Pitch>-0.0868526101</Pitch>
				<Roll>-89.9282455</Roll>
				<Yaw>165.827362</Yaw>
			</PositionRotation>
			<Attachment isAttached="true">
				<AttachedTo>163624</AttachedTo>
				<BoneIndex>0</BoneIndex>
				<X>-7.45610905</X>
				<Y>-4.2035799</Y>
				<Z>6.46309423</Z>
				<Pitch>-0.0756085888</Pitch>
				<Roll>-90.0135651</Roll>
				<Yaw>-86.6864929</Yaw>
			</Attachment>
		</Attachment>
		<Attachment>
			<ModelHash>0x2f9f084d</ModelHash>
			<Type>3</Type>
			<Dynamic>false</Dynamic>
			<FrozenPos>true</FrozenPos>
			<HashName>ba_prop_battle_glowstick_01</HashName>
			<InitialHandle>48935</InitialHandle>
			<ObjectProperties>
				<TextureVariation>0</TextureVariation>
			</ObjectProperties>
			<OpacityLevel>255</OpacityLevel>
			<LodDistance>16960</LodDistance>
			<IsVisible>true</IsVisible>
			<MaxHealth>1000</MaxHealth>
			<Health>1000</Health>
			<HasGravity>true</HasGravity>
			<IsOnFire>false</IsOnFire>
			<IsInvincible>false</IsInvincible>
			<IsBulletProof>false</IsBulletProof>
			<IsCollisionProof>false</IsCollisionProof>
			<IsExplosionProof>false</IsExplosionProof>
			<IsFireProof>false</IsFireProof>
			<IsMeleeProof>false</IsMeleeProof>
			<IsOnlyDamagedByPlayer>false</IsOnlyDamagedByPlayer>
			<PositionRotation>
				<X>-1310.72253</X>
				<Y>-3044.11499</Y>
				<Z>23.1830788</Z>
				<Pitch>-0.0868526101</Pitch>
				<Roll>-89.9282455</Roll>
				<Yaw>165.827362</Yaw>
			</PositionRotation>
			<Attachment isAttached="true">
				<AttachedTo>163624</AttachedTo>
				<BoneIndex>0</BoneIndex>
				<X>-7.45610905</X>
				<Y>-4.2035799</Y>
				<Z>6.96309376</Z>
				<Pitch>-0.0756085888</Pitch>
				<Roll>-90.0135651</Roll>
				<Yaw>-86.6864929</Yaw>
			</Attachment>
		</Attachment>
		<Attachment>
			<ModelHash>0x2f9f084d</ModelHash>
			<Type>3</Type>
			<Dynamic>false</Dynamic>
			<FrozenPos>true</FrozenPos>
			<HashName>ba_prop_battle_glowstick_01</HashName>
			<InitialHandle>146951</InitialHandle>
			<ObjectProperties>
				<TextureVariation>0</TextureVariation>
			</ObjectProperties>
			<OpacityLevel>255</OpacityLevel>
			<LodDistance>16960</LodDistance>
			<IsVisible>true</IsVisible>
			<MaxHealth>1000</MaxHealth>
			<Health>1000</Health>
			<HasGravity>true</HasGravity>
			<IsOnFire>false</IsOnFire>
			<IsInvincible>false</IsInvincible>
			<IsBulletProof>false</IsBulletProof>
			<IsCollisionProof>false</IsCollisionProof>
			<IsExplosionProof>false</IsExplosionProof>
			<IsFireProof>false</IsFireProof>
			<IsMeleeProof>false</IsMeleeProof>
			<IsOnlyDamagedByPlayer>false</IsOnlyDamagedByPlayer>
			<PositionRotation>
				<X>-1312.05786</X>
				<Y>-3043.69409</Y>
				<Z>23.181015</Z>
				<Pitch>-0.0868526101</Pitch>
				<Roll>-89.9282455</Roll>
				<Yaw>165.827362</Yaw>
			</PositionRotation>
			<Attachment isAttached="true">
				<AttachedTo>163624</AttachedTo>
				<BoneIndex>0</BoneIndex>
				<X>-7.45610905</X>
				<Y>-5.60357857</Y>
				<Z>6.96309376</Z>
				<Pitch>-0.0756085888</Pitch>
				<Roll>-90.0135651</Roll>
				<Yaw>-86.6864929</Yaw>
			</Attachment>
		</Attachment>
		<Attachment>
			<ModelHash>0x2f9f084d</ModelHash>
			<Type>3</Type>
			<Dynamic>false</Dynamic>
			<FrozenPos>true</FrozenPos>
			<HashName>ba_prop_battle_glowstick_01</HashName>
			<InitialHandle>37669</InitialHandle>
			<ObjectProperties>
				<TextureVariation>0</TextureVariation>
			</ObjectProperties>
			<OpacityLevel>255</OpacityLevel>
			<LodDistance>16960</LodDistance>
			<IsVisible>true</IsVisible>
			<MaxHealth>1000</MaxHealth>
			<Health>1000</Health>
			<HasGravity>true</HasGravity>
			<IsOnFire>false</IsOnFire>
			<IsInvincible>false</IsInvincible>
			<IsBulletProof>false</IsBulletProof>
			<IsCollisionProof>false</IsCollisionProof>
			<IsExplosionProof>false</IsExplosionProof>
			<IsFireProof>false</IsFireProof>
			<IsMeleeProof>false</IsMeleeProof>
			<IsOnlyDamagedByPlayer>false</IsOnlyDamagedByPlayer>
			<PositionRotation>
				<X>-1312.05627</X>
				<Y>-3043.69434</Y>
				<Z>22.0810165</Z>
				<Pitch>-0.0868526101</Pitch>
				<Roll>-89.9282455</Roll>
				<Yaw>165.827362</Yaw>
			</PositionRotation>
			<Attachment isAttached="true">
				<AttachedTo>163624</AttachedTo>
				<BoneIndex>0</BoneIndex>
				<X>-7.45610905</X>
				<Y>-5.60357857</Y>
				<Z>5.86309481</Z>
				<Pitch>-0.0756085888</Pitch>
				<Roll>-90.0135651</Roll>
				<Yaw>-86.6864929</Yaw>
			</Attachment>
		</Attachment>
		<Attachment>
			<ModelHash>0x2f9f084d</ModelHash>
			<Type>3</Type>
			<Dynamic>false</Dynamic>
			<FrozenPos>true</FrozenPos>
			<HashName>ba_prop_battle_glowstick_01</HashName>
			<InitialHandle>54574</InitialHandle>
			<ObjectProperties>
				<TextureVariation>0</TextureVariation>
			</ObjectProperties>
			<OpacityLevel>255</OpacityLevel>
			<LodDistance>16960</LodDistance>
			<IsVisible>true</IsVisible>
			<MaxHealth>1000</MaxHealth>
			<Health>1000</Health>
			<HasGravity>true</HasGravity>
			<IsOnFire>false</IsOnFire>
			<IsInvincible>false</IsInvincible>
			<IsBulletProof>false</IsBulletProof>
			<IsCollisionProof>false</IsCollisionProof>
			<IsExplosionProof>false</IsExplosionProof>
			<IsFireProof>false</IsFireProof>
			<IsMeleeProof>false</IsMeleeProof>
			<IsOnlyDamagedByPlayer>false</IsOnlyDamagedByPlayer>
			<PositionRotation>
				<X>-1312.05542</X>
				<Y>-3043.69458</Y>
				<Z>21.5810165</Z>
				<Pitch>-0.0868526101</Pitch>
				<Roll>-89.9282455</Roll>
				<Yaw>165.827362</Yaw>
			</PositionRotation>
			<Attachment isAttached="true">
				<AttachedTo>163624</AttachedTo>
				<BoneIndex>0</BoneIndex>
				<X>-7.45610905</X>
				<Y>-5.60357857</Y>
				<Z>5.36309528</Z>
				<Pitch>-0.0756085888</Pitch>
				<Roll>-90.0135651</Roll>
				<Yaw>-86.6864929</Yaw>
			</Attachment>
		</Attachment>
		<Attachment>
			<ModelHash>0x2f9f084d</ModelHash>
			<Type>3</Type>
			<Dynamic>false</Dynamic>
			<FrozenPos>true</FrozenPos>
			<HashName>ba_prop_battle_glowstick_01</HashName>
			<InitialHandle>8</InitialHandle>
			<ObjectProperties>
				<TextureVariation>0</TextureVariation>
			</ObjectProperties>
			<OpacityLevel>255</OpacityLevel>
			<LodDistance>16960</LodDistance>
			<IsVisible>true</IsVisible>
			<MaxHealth>1000</MaxHealth>
			<Health>1000</Health>
			<HasGravity>true</HasGravity>
			<IsOnFire>false</IsOnFire>
			<IsInvincible>false</IsInvincible>
			<IsBulletProof>false</IsBulletProof>
			<IsCollisionProof>false</IsCollisionProof>
			<IsExplosionProof>false</IsExplosionProof>
			<IsFireProof>false</IsFireProof>
			<IsMeleeProof>false</IsMeleeProof>
			<IsOnlyDamagedByPlayer>false</IsOnlyDamagedByPlayer>
			<PositionRotation>
				<X>-1311.67395</X>
				<Y>-3043.8147</Y>
				<Z>21.5816078</Z>
				<Pitch>-0.0868493021</Pitch>
				<Roll>-109.928246</Roll>
				<Yaw>165.827362</Yaw>
			</PositionRotation>
			<Attachment isAttached="true">
				<AttachedTo>163624</AttachedTo>
				<BoneIndex>0</BoneIndex>
				<X>-7.45610905</X>
				<Y>-5.20357895</Y>
				<Z>5.36309528</Z>
				<Pitch>-0.0756085888</Pitch>
				<Roll>-110.013565</Roll>
				<Yaw>-86.6864929</Yaw>
			</Attachment>
		</Attachment>
		<Attachment>
			<ModelHash>0x2f9f084d</ModelHash>
			<Type>3</Type>
			<Dynamic>false</Dynamic>
			<FrozenPos>true</FrozenPos>
			<HashName>ba_prop_battle_glowstick_01</HashName>
			<InitialHandle>121386</InitialHandle>
			<ObjectProperties>
				<TextureVariation>0</TextureVariation>
			</ObjectProperties>
			<OpacityLevel>255</OpacityLevel>
			<LodDistance>16960</LodDistance>
			<IsVisible>true</IsVisible>
			<MaxHealth>1000</MaxHealth>
			<Health>1000</Health>
			<HasGravity>true</HasGravity>
			<IsOnFire>false</IsOnFire>
			<IsInvincible>false</IsInvincible>
			<IsBulletProof>false</IsBulletProof>
			<IsCollisionProof>false</IsCollisionProof>
			<IsExplosionProof>false</IsExplosionProof>
			<IsFireProof>false</IsFireProof>
			<IsMeleeProof>false</IsMeleeProof>
			<IsOnlyDamagedByPlayer>false</IsOnlyDamagedByPlayer>
			<PositionRotation>
				<X>-1311.29407</X>
				<Y>-3043.93457</Y>
				<Z>22.6821957</Z>
				<Pitch>-0.0868493021</Pitch>
				<Roll>-109.928246</Roll>
				<Yaw>165.827362</Yaw>
			</PositionRotation>
			<Attachment isAttached="true">
				<AttachedTo>163624</AttachedTo>
				<BoneIndex>0</BoneIndex>
				<X>-7.45610905</X>
				<Y>-4.80357933</Y>
				<Z>6.46309423</Z>
				<Pitch>-0.0756085888</Pitch>
				<Roll>-110.013565</Roll>
				<Yaw>-86.6864929</Yaw>
			</Attachment>
		</Attachment>
		<Attachment>
			<ModelHash>0x2f9f084d</ModelHash>
			<Type>3</Type>
			<Dynamic>false</Dynamic>
			<FrozenPos>true</FrozenPos>
			<HashName>ba_prop_battle_glowstick_01</HashName>
			<InitialHandle>165676</InitialHandle>
			<ObjectProperties>
				<TextureVariation>0</TextureVariation>
			</ObjectProperties>
			<OpacityLevel>255</OpacityLevel>
			<LodDistance>16960</LodDistance>
			<IsVisible>true</IsVisible>
			<MaxHealth>1000</MaxHealth>
			<Health>1000</Health>
			<HasGravity>true</HasGravity>
			<IsOnFire>false</IsOnFire>
			<IsInvincible>false</IsInvincible>
			<IsBulletProof>false</IsBulletProof>
			<IsCollisionProof>false</IsCollisionProof>
			<IsExplosionProof>false</IsExplosionProof>
			<IsFireProof>false</IsFireProof>
			<IsMeleeProof>false</IsMeleeProof>
			<IsOnlyDamagedByPlayer>false</IsOnlyDamagedByPlayer>
			<PositionRotation>
				<X>-1311.00867</X>
				<Y>-3044.02466</Y>
				<Z>23.1826363</Z>
				<Pitch>-0.0868493021</Pitch>
				<Roll>-109.928246</Roll>
				<Yaw>165.827362</Yaw>
			</PositionRotation>
			<Attachment isAttached="true">
				<AttachedTo>163624</AttachedTo>
				<BoneIndex>0</BoneIndex>
				<X>-7.45610905</X>
				<Y>-4.50357962</Y>
				<Z>6.96309376</Z>
				<Pitch>-0.0756085888</Pitch>
				<Roll>-110.013565</Roll>
				<Yaw>-86.6864929</Yaw>
			</Attachment>
		</Attachment>
		<Attachment>
			<ModelHash>0x2f9f084d</ModelHash>
			<Type>3</Type>
			<Dynamic>false</Dynamic>
			<FrozenPos>true</FrozenPos>
			<HashName>ba_prop_battle_glowstick_01</HashName>
			<InitialHandle>19035</InitialHandle>
			<ObjectProperties>
				<TextureVariation>0</TextureVariation>
			</ObjectProperties>
			<OpacityLevel>255</OpacityLevel>
			<LodDistance>16960</LodDistance>
			<IsVisible>true</IsVisible>
			<MaxHealth>1000</MaxHealth>
			<Health>1000</Health>
			<HasGravity>true</HasGravity>
			<IsOnFire>false</IsOnFire>
			<IsInvincible>false</IsInvincible>
			<IsBulletProof>false</IsBulletProof>
			<IsCollisionProof>false</IsCollisionProof>
			<IsExplosionProof>false</IsExplosionProof>
			<IsFireProof>false</IsFireProof>
			<IsMeleeProof>false</IsMeleeProof>
			<IsOnlyDamagedByPlayer>false</IsOnlyDamagedByPlayer>
			<PositionRotation>
				<X>-1312.91467</X>
				<Y>-3043.42407</Y>
				<Z>22.079689</Z>
				<Pitch>-0.0868526101</Pitch>
				<Roll>-89.9282455</Roll>
				<Yaw>165.827362</Yaw>
			</PositionRotation>
			<Attachment isAttached="true">
				<AttachedTo>163624</AttachedTo>
				<BoneIndex>0</BoneIndex>
				<X>-7.45610905</X>
				<Y>-6.50357771</Y>
				<Z>5.86309481</Z>
				<Pitch>-0.0756085888</Pitch>
				<Roll>-90.0135651</Roll>
				<Yaw>-86.6864929</Yaw>
			</Attachment>
		</Attachment>
		<Attachment>
			<ModelHash>0x2f9f084d</ModelHash>
			<Type>3</Type>
			<Dynamic>false</Dynamic>
			<FrozenPos>true</FrozenPos>
			<HashName>ba_prop_battle_glowstick_01</HashName>
			<InitialHandle>147976</InitialHandle>
			<ObjectProperties>
				<TextureVariation>0</TextureVariation>
			</ObjectProperties>
			<OpacityLevel>255</OpacityLevel>
			<LodDistance>16960</LodDistance>
			<IsVisible>true</IsVisible>
			<MaxHealth>1000</MaxHealth>
			<Health>1000</Health>
			<HasGravity>true</HasGravity>
			<IsOnFire>false</IsOnFire>
			<IsInvincible>false</IsInvincible>
			<IsBulletProof>false</IsBulletProof>
			<IsCollisionProof>false</IsCollisionProof>
			<IsExplosionProof>false</IsExplosionProof>
			<IsFireProof>false</IsFireProof>
			<IsMeleeProof>false</IsMeleeProof>
			<IsOnlyDamagedByPlayer>false</IsOnlyDamagedByPlayer>
			<PositionRotation>
				<X>-1312.91626</X>
				<Y>-3043.42383</Y>
				<Z>23.1796875</Z>
				<Pitch>-0.0868526101</Pitch>
				<Roll>-89.9282455</Roll>
				<Yaw>165.827362</Yaw>
			</PositionRotation>
			<Attachment isAttached="true">
				<AttachedTo>163624</AttachedTo>
				<BoneIndex>0</BoneIndex>
				<X>-7.45610905</X>
				<Y>-6.50357771</Y>
				<Z>6.96309376</Z>
				<Pitch>-0.0756085888</Pitch>
				<Roll>-90.0135651</Roll>
				<Yaw>-86.6864929</Yaw>
			</Attachment>
		</Attachment>
		<Attachment>
			<ModelHash>0x2f9f084d</ModelHash>
			<Type>3</Type>
			<Dynamic>false</Dynamic>
			<FrozenPos>true</FrozenPos>
			<HashName>ba_prop_battle_glowstick_01</HashName>
			<InitialHandle>42782</InitialHandle>
			<ObjectProperties>
				<TextureVariation>0</TextureVariation>
			</ObjectProperties>
			<OpacityLevel>255</OpacityLevel>
			<LodDistance>16960</LodDistance>
			<IsVisible>true</IsVisible>
			<MaxHealth>1000</MaxHealth>
			<Health>1000</Health>
			<HasGravity>true</HasGravity>
			<IsOnFire>false</IsOnFire>
			<IsInvincible>false</IsInvincible>
			<IsBulletProof>false</IsBulletProof>
			<IsCollisionProof>false</IsCollisionProof>
			<IsExplosionProof>false</IsExplosionProof>
			<IsFireProof>false</IsFireProof>
			<IsMeleeProof>false</IsMeleeProof>
			<IsOnlyDamagedByPlayer>false</IsOnlyDamagedByPlayer>
			<PositionRotation>
				<X>-1313.29492</X>
				<Y>-3043.30396</Y>
				<Z>21.2791004</Z>
				<Pitch>-0.0868527591</Pitch>
				<Roll>-179.928253</Roll>
				<Yaw>165.827362</Yaw>
			</PositionRotation>
			<Attachment isAttached="true">
				<AttachedTo>163624</AttachedTo>
				<BoneIndex>0</BoneIndex>
				<X>-7.45610905</X>
				<Y>-6.90357733</Y>
				<Z>5.06309557</Z>
				<Pitch>-0.0756085888</Pitch>
				<Roll>179.986435</Roll>
				<Yaw>-86.6864929</Yaw>
			</Attachment>
		</Attachment>
		<Attachment>
			<ModelHash>0x2f9f084d</ModelHash>
			<Type>3</Type>
			<Dynamic>false</Dynamic>
			<FrozenPos>true</FrozenPos>
			<HashName>ba_prop_battle_glowstick_01</HashName>
			<InitialHandle>125546</InitialHandle>
			<ObjectProperties>
				<TextureVariation>0</TextureVariation>
			</ObjectProperties>
			<OpacityLevel>255</OpacityLevel>
			<LodDistance>16960</LodDistance>
			<IsVisible>true</IsVisible>
			<MaxHealth>1000</MaxHealth>
			<Health>1000</Health>
			<HasGravity>true</HasGravity>
			<IsOnFire>false</IsOnFire>
			<IsInvincible>false</IsInvincible>
			<IsBulletProof>false</IsBulletProof>
			<IsCollisionProof>false</IsCollisionProof>
			<IsExplosionProof>false</IsExplosionProof>
			<IsFireProof>false</IsFireProof>
			<IsMeleeProof>false</IsMeleeProof>
			<IsOnlyDamagedByPlayer>false</IsOnlyDamagedByPlayer>
			<PositionRotation>
				<X>-1313.48572</X>
				<Y>-3043.2439</Y>
				<Z>21.2788048</Z>
				<Pitch>-0.0868527591</Pitch>
				<Roll>-179.928253</Roll>
				<Yaw>165.827362</Yaw>
			</PositionRotation>
			<Attachment isAttached="true">
				<AttachedTo>163624</AttachedTo>
				<BoneIndex>0</BoneIndex>
				<X>-7.45610905</X>
				<Y>-7.10357714</Y>
				<Z>5.06309557</Z>
				<Pitch>-0.0756085888</Pitch>
				<Roll>179.986435</Roll>
				<Yaw>-86.6864929</Yaw>
			</Attachment>
		</Attachment>
		<Attachment>
			<ModelHash>0x2f9f084d</ModelHash>
			<Type>3</Type>
			<Dynamic>false</Dynamic>
			<FrozenPos>true</FrozenPos>
			<HashName>ba_prop_battle_glowstick_01</HashName>
			<InitialHandle>135726</InitialHandle>
			<ObjectProperties>
				<TextureVariation>0</TextureVariation>
			</ObjectProperties>
			<OpacityLevel>255</OpacityLevel>
			<LodDistance>16960</LodDistance>
			<IsVisible>true</IsVisible>
			<MaxHealth>1000</MaxHealth>
			<Health>1000</Health>
			<HasGravity>true</HasGravity>
			<IsOnFire>false</IsOnFire>
			<IsInvincible>false</IsInvincible>
			<IsBulletProof>false</IsBulletProof>
			<IsCollisionProof>false</IsCollisionProof>
			<IsExplosionProof>false</IsExplosionProof>
			<IsFireProof>false</IsFireProof>
			<IsMeleeProof>false</IsMeleeProof>
			<IsOnlyDamagedByPlayer>false</IsOnlyDamagedByPlayer>
			<PositionRotation>
				<X>-1313.86841</X>
				<Y>-3043.12354</Y>
				<Z>22.0782146</Z>
				<Pitch>-0.0868526101</Pitch>
				<Roll>-89.9282455</Roll>
				<Yaw>165.827362</Yaw>
			</PositionRotation>
			<Attachment isAttached="true">
				<AttachedTo>163624</AttachedTo>
				<BoneIndex>0</BoneIndex>
				<X>-7.45610905</X>
				<Y>-7.50357676</Y>
				<Z>5.86309481</Z>
				<Pitch>-0.0756085888</Pitch>
				<Roll>-90.0135651</Roll>
				<Yaw>-86.6864929</Yaw>
			</Attachment>
		</Attachment>
		<Attachment>
			<ModelHash>0x2f9f084d</ModelHash>
			<Type>3</Type>
			<Dynamic>false</Dynamic>
			<FrozenPos>true</FrozenPos>
			<HashName>ba_prop_battle_glowstick_01</HashName>
			<InitialHandle>22621</InitialHandle>
			<ObjectProperties>
				<TextureVariation>0</TextureVariation>
			</ObjectProperties>
			<OpacityLevel>255</OpacityLevel>
			<LodDistance>16960</LodDistance>
			<IsVisible>true</IsVisible>
			<MaxHealth>1000</MaxHealth>
			<Health>1000</Health>
			<HasGravity>true</HasGravity>
			<IsOnFire>false</IsOnFire>
			<IsInvincible>false</IsInvincible>
			<IsBulletProof>false</IsBulletProof>
			<IsCollisionProof>false</IsCollisionProof>
			<IsExplosionProof>false</IsExplosionProof>
			<IsFireProof>false</IsFireProof>
			<IsMeleeProof>false</IsMeleeProof>
			<IsOnlyDamagedByPlayer>false</IsOnlyDamagedByPlayer>
			<PositionRotation>
				<X>-1313.87012</X>
				<Y>-3043.12329</Y>
				<Z>23.1782112</Z>
				<Pitch>-0.0868526101</Pitch>
				<Roll>-89.9282455</Roll>
				<Yaw>165.827362</Yaw>
			</PositionRotation>
			<Attachment isAttached="true">
				<AttachedTo>163624</AttachedTo>
				<BoneIndex>0</BoneIndex>
				<X>-7.45610905</X>
				<Y>-7.50357676</Y>
				<Z>6.96309376</Z>
				<Pitch>-0.0756085888</Pitch>
				<Roll>-90.0135651</Roll>
				<Yaw>-86.6864929</Yaw>
			</Attachment>
		</Attachment>
		<Attachment>
			<ModelHash>0x2f9f084d</ModelHash>
			<Type>3</Type>
			<Dynamic>false</Dynamic>
			<FrozenPos>true</FrozenPos>
			<HashName>ba_prop_battle_glowstick_01</HashName>
			<InitialHandle>29185</InitialHandle>
			<ObjectProperties>
				<TextureVariation>0</TextureVariation>
			</ObjectProperties>
			<OpacityLevel>255</OpacityLevel>
			<LodDistance>16960</LodDistance>
			<IsVisible>true</IsVisible>
			<MaxHealth>1000</MaxHealth>
			<Health>1000</Health>
			<HasGravity>true</HasGravity>
			<IsOnFire>false</IsOnFire>
			<IsInvincible>false</IsInvincible>
			<IsBulletProof>false</IsBulletProof>
			<IsCollisionProof>false</IsCollisionProof>
			<IsExplosionProof>false</IsExplosionProof>
			<IsFireProof>false</IsFireProof>
			<IsMeleeProof>false</IsMeleeProof>
			<IsOnlyDamagedByPlayer>false</IsOnlyDamagedByPlayer>
			<PositionRotation>
				<X>-1314.53772</X>
				<Y>-3042.91309</Y>
				<Z>23.1771793</Z>
				<Pitch>-0.0868526101</Pitch>
				<Roll>-89.9282455</Roll>
				<Yaw>165.827362</Yaw>
			</PositionRotation>
			<Attachment isAttached="true">
				<AttachedTo>163624</AttachedTo>
				<BoneIndex>0</BoneIndex>
				<X>-7.45610905</X>
				<Y>-8.20357704</Y>
				<Z>6.96309376</Z>
				<Pitch>-0.0756085888</Pitch>
				<Roll>-90.0135651</Roll>
				<Yaw>-86.6864929</Yaw>
			</Attachment>
		</Attachment>
		<Attachment>
			<ModelHash>0x2f9f084d</ModelHash>
			<Type>3</Type>
			<Dynamic>false</Dynamic>
			<FrozenPos>true</FrozenPos>
			<HashName>ba_prop_battle_glowstick_01</HashName>
			<InitialHandle>16427</InitialHandle>
			<ObjectProperties>
				<TextureVariation>0</TextureVariation>
			</ObjectProperties>
			<OpacityLevel>255</OpacityLevel>
			<LodDistance>16960</LodDistance>
			<IsVisible>true</IsVisible>
			<MaxHealth>1000</MaxHealth>
			<Health>1000</Health>
			<HasGravity>true</HasGravity>
			<IsOnFire>false</IsOnFire>
			<IsInvincible>false</IsInvincible>
			<IsBulletProof>false</IsBulletProof>
			<IsCollisionProof>false</IsCollisionProof>
			<IsExplosionProof>false</IsExplosionProof>
			<IsFireProof>false</IsFireProof>
			<IsMeleeProof>false</IsMeleeProof>
			<IsOnlyDamagedByPlayer>false</IsOnlyDamagedByPlayer>
			<PositionRotation>
				<X>-1314.53601</X>
				<Y>-3042.91309</Y>
				<Z>22.0771828</Z>
				<Pitch>-0.0868526101</Pitch>
				<Roll>-89.9282455</Roll>
				<Yaw>165.827362</Yaw>
			</PositionRotation>
			<Attachment isAttached="true">
				<AttachedTo>163624</AttachedTo>
				<BoneIndex>0</BoneIndex>
				<X>-7.45610905</X>
				<Y>-8.20357704</Y>
				<Z>5.86309481</Z>
				<Pitch>-0.0756085888</Pitch>
				<Roll>-90.0135651</Roll>
				<Yaw>-86.6864929</Yaw>
			</Attachment>
		</Attachment>
		<Attachment>
			<ModelHash>0x2f9f084d</ModelHash>
			<Type>3</Type>
			<Dynamic>false</Dynamic>
			<FrozenPos>true</FrozenPos>
			<HashName>ba_prop_battle_glowstick_01</HashName>
			<InitialHandle>12586</InitialHandle>
			<ObjectProperties>
				<TextureVariation>0</TextureVariation>
			</ObjectProperties>
			<OpacityLevel>255</OpacityLevel>
			<LodDistance>16960</LodDistance>
			<IsVisible>true</IsVisible>
			<MaxHealth>1000</MaxHealth>
			<Health>1000</Health>
			<HasGravity>true</HasGravity>
			<IsOnFire>false</IsOnFire>
			<IsInvincible>false</IsInvincible>
			<IsBulletProof>false</IsBulletProof>
			<IsCollisionProof>false</IsCollisionProof>
			<IsExplosionProof>false</IsExplosionProof>
			<IsFireProof>false</IsFireProof>
			<IsMeleeProof>false</IsMeleeProof>
			<IsOnlyDamagedByPlayer>false</IsOnlyDamagedByPlayer>
			<PositionRotation>
				<X>-1314.53552</X>
				<Y>-3042.91333</Y>
				<Z>21.6771832</Z>
				<Pitch>-0.0868526101</Pitch>
				<Roll>-89.9282455</Roll>
				<Yaw>165.827362</Yaw>
			</PositionRotation>
			<Attachment isAttached="true">
				<AttachedTo>163624</AttachedTo>
				<BoneIndex>0</BoneIndex>
				<X>-7.45610905</X>
				<Y>-8.20357704</Y>
				<Z>5.46309519</Z>
				<Pitch>-0.0756085888</Pitch>
				<Roll>-90.0135651</Roll>
				<Yaw>-86.6864929</Yaw>
			</Attachment>
		</Attachment>
		<Attachment>
			<ModelHash>0x2f9f084d</ModelHash>
			<Type>3</Type>
			<Dynamic>false</Dynamic>
			<FrozenPos>true</FrozenPos>
			<HashName>ba_prop_battle_glowstick_01</HashName>
			<InitialHandle>103179</InitialHandle>
			<ObjectProperties>
				<TextureVariation>0</TextureVariation>
			</ObjectProperties>
			<OpacityLevel>255</OpacityLevel>
			<LodDistance>16960</LodDistance>
			<IsVisible>true</IsVisible>
			<MaxHealth>1000</MaxHealth>
			<Health>1000</Health>
			<HasGravity>true</HasGravity>
			<IsOnFire>false</IsOnFire>
			<IsInvincible>false</IsInvincible>
			<IsBulletProof>false</IsBulletProof>
			<IsCollisionProof>false</IsCollisionProof>
			<IsExplosionProof>false</IsExplosionProof>
			<IsFireProof>false</IsFireProof>
			<IsMeleeProof>false</IsMeleeProof>
			<IsOnlyDamagedByPlayer>false</IsOnlyDamagedByPlayer>
			<PositionRotation>
				<X>-1315.58582</X>
				<Y>-3042.58252</Y>
				<Z>22.4755592</Z>
				<Pitch>-0.0868526101</Pitch>
				<Roll>-89.9282455</Roll>
				<Yaw>165.827362</Yaw>
			</PositionRotation>
			<Attachment isAttached="true">
				<AttachedTo>163624</AttachedTo>
				<BoneIndex>0</BoneIndex>
				<X>-7.45610905</X>
				<Y>-9.30358124</Y>
				<Z>6.26309443</Z>
				<Pitch>-0.0756085888</Pitch>
				<Roll>-90.0135651</Roll>
				<Yaw>-86.6864929</Yaw>
			</Attachment>
		</Attachment>
		<Attachment>
			<ModelHash>0x2f9f084d</ModelHash>
			<Type>3</Type>
			<Dynamic>false</Dynamic>
			<FrozenPos>true</FrozenPos>
			<HashName>ba_prop_battle_glowstick_01</HashName>
			<InitialHandle>147211</InitialHandle>
			<ObjectProperties>
				<TextureVariation>0</TextureVariation>
			</ObjectProperties>
			<OpacityLevel>255</OpacityLevel>
			<LodDistance>16960</LodDistance>
			<IsVisible>true</IsVisible>
			<MaxHealth>1000</MaxHealth>
			<Health>1000</Health>
			<HasGravity>true</HasGravity>
			<IsOnFire>false</IsOnFire>
			<IsInvincible>false</IsInvincible>
			<IsBulletProof>false</IsBulletProof>
			<IsCollisionProof>false</IsCollisionProof>
			<IsExplosionProof>false</IsExplosionProof>
			<IsFireProof>false</IsFireProof>
			<IsMeleeProof>false</IsMeleeProof>
			<IsOnlyDamagedByPlayer>false</IsOnlyDamagedByPlayer>
			<PositionRotation>
				<X>-1315.10779</X>
				<Y>-3042.73291</Y>
				<Z>21.6762981</Z>
				<Pitch>-0.0868527144</Pitch>
				<Roll>-49.9282684</Roll>
				<Yaw>165.827362</Yaw>
			</PositionRotation>
			<Attachment isAttached="true">
				<AttachedTo>163624</AttachedTo>
				<BoneIndex>0</BoneIndex>
				<X>-7.45610905</X>
				<Y>-8.80357933</Y>
				<Z>5.46309519</Z>
				<Pitch>-0.0756085888</Pitch>
				<Roll>-50.0135651</Roll>
				<Yaw>-86.6864929</Yaw>
			</Attachment>
		</Attachment>
		<Attachment>
			<ModelHash>0x2f9f084d</ModelHash>
			<Type>3</Type>
			<Dynamic>false</Dynamic>
			<FrozenPos>true</FrozenPos>
			<HashName>ba_prop_battle_glowstick_01</HashName>
			<InitialHandle>133936</InitialHandle>
			<ObjectProperties>
				<TextureVariation>0</TextureVariation>
			</ObjectProperties>
			<OpacityLevel>255</OpacityLevel>
			<LodDistance>16960</LodDistance>
			<IsVisible>true</IsVisible>
			<MaxHealth>1000</MaxHealth>
			<Health>1000</Health>
			<HasGravity>true</HasGravity>
			<IsOnFire>false</IsOnFire>
			<IsInvincible>false</IsInvincible>
			<IsBulletProof>false</IsBulletProof>
			<IsCollisionProof>false</IsCollisionProof>
			<IsExplosionProof>false</IsExplosionProof>
			<IsFireProof>false</IsFireProof>
			<IsMeleeProof>false</IsMeleeProof>
			<IsOnlyDamagedByPlayer>false</IsOnlyDamagedByPlayer>
			<PositionRotation>
				<X>-1315.11011</X>
				<Y>-3042.73267</Y>
				<Z>23.2762947</Z>
				<Pitch>-0.0868497267</Pitch>
				<Roll>40.0717392</Roll>
				<Yaw>165.827362</Yaw>
			</PositionRotation>
			<Attachment isAttached="true">
				<AttachedTo>163624</AttachedTo>
				<BoneIndex>0</BoneIndex>
				<X>-7.45610905</X>
				<Y>-8.80357933</Y>
				<Z>7.06309462</Z>
				<Pitch>-0.0756085888</Pitch>
				<Roll>39.9864311</Roll>
				<Yaw>-86.6864929</Yaw>
			</Attachment>
		</Attachment>
		<Attachment>
			<ModelHash>0x2f9f084d</ModelHash>
			<Type>3</Type>
			<Dynamic>false</Dynamic>
			<FrozenPos>true</FrozenPos>
			<HashName>ba_prop_battle_glowstick_01</HashName>
			<InitialHandle>94255</InitialHandle>
			<ObjectProperties>
				<TextureVariation>0</TextureVariation>
			</ObjectProperties>
			<OpacityLevel>255</OpacityLevel>
			<LodDistance>16960</LodDistance>
			<IsVisible>true</IsVisible>
			<MaxHealth>1000</MaxHealth>
			<Health>1000</Health>
			<HasGravity>true</HasGravity>
			<IsOnFire>false</IsOnFire>
			<IsInvincible>false</IsInvincible>
			<IsBulletProof>false</IsBulletProof>
			<IsCollisionProof>false</IsCollisionProof>
			<IsExplosionProof>false</IsExplosionProof>
			<IsFireProof>false</IsFireProof>
			<IsMeleeProof>false</IsMeleeProof>
			<IsOnlyDamagedByPlayer>false</IsOnlyDamagedByPlayer>
			<PositionRotation>
				<X>-1316.25354</X>
				<Y>-3042.37231</Y>
				<Z>22.4745255</Z>
				<Pitch>-0.0868526101</Pitch>
				<Roll>-89.9282455</Roll>
				<Yaw>165.827362</Yaw>
			</PositionRotation>
			<Attachment isAttached="true">
				<AttachedTo>163624</AttachedTo>
				<BoneIndex>0</BoneIndex>
				<X>-7.45610905</X>
				<Y>-10.0035839</Y>
				<Z>6.26309443</Z>
				<Pitch>-0.0756085888</Pitch>
				<Roll>-90.0135651</Roll>
				<Yaw>-86.6864929</Yaw>
			</Attachment>
		</Attachment>
		<Attachment>
			<ModelHash>0x2f9f084d</ModelHash>
			<Type>3</Type>
			<Dynamic>false</Dynamic>
			<FrozenPos>true</FrozenPos>
			<HashName>ba_prop_battle_glowstick_01</HashName>
			<InitialHandle>156432</InitialHandle>
			<ObjectProperties>
				<TextureVariation>0</TextureVariation>
			</ObjectProperties>
			<OpacityLevel>255</OpacityLevel>
			<LodDistance>16960</LodDistance>
			<IsVisible>true</IsVisible>
			<MaxHealth>1000</MaxHealth>
			<Health>1000</Health>
			<HasGravity>true</HasGravity>
			<IsOnFire>false</IsOnFire>
			<IsInvincible>false</IsInvincible>
			<IsBulletProof>false</IsBulletProof>
			<IsCollisionProof>false</IsCollisionProof>
			<IsExplosionProof>false</IsExplosionProof>
			<IsFireProof>false</IsFireProof>
			<IsMeleeProof>false</IsMeleeProof>
			<IsOnlyDamagedByPlayer>false</IsOnlyDamagedByPlayer>
			<PositionRotation>
				<X>-1316.25232</X>
				<Y>-3042.37231</Y>
				<Z>21.6745281</Z>
				<Pitch>-0.0868526101</Pitch>
				<Roll>-89.9282455</Roll>
				<Yaw>165.827362</Yaw>
			</PositionRotation>
			<Attachment isAttached="true">
				<AttachedTo>163624</AttachedTo>
				<BoneIndex>0</BoneIndex>
				<X>-7.45610905</X>
				<Y>-10.0035839</Y>
				<Z>5.46309519</Z>
				<Pitch>-0.0756085888</Pitch>
				<Roll>-90.0135651</Roll>
				<Yaw>-86.6864929</Yaw>
			</Attachment>
		</Attachment>
		<Attachment>
			<ModelHash>0x2f9f084d</ModelHash>
			<Type>3</Type>
			<Dynamic>false</Dynamic>
			<FrozenPos>true</FrozenPos>
			<HashName>ba_prop_battle_glowstick_01</HashName>
			<InitialHandle>15144</InitialHandle>
			<ObjectProperties>
				<TextureVariation>0</TextureVariation>
			</ObjectProperties>
			<OpacityLevel>255</OpacityLevel>
			<LodDistance>16960</LodDistance>
			<IsVisible>true</IsVisible>
			<MaxHealth>1000</MaxHealth>
			<Health>1000</Health>
			<HasGravity>true</HasGravity>
			<IsOnFire>false</IsOnFire>
			<IsInvincible>false</IsInvincible>
			<IsBulletProof>false</IsBulletProof>
			<IsCollisionProof>false</IsCollisionProof>
			<IsExplosionProof>false</IsExplosionProof>
			<IsFireProof>false</IsFireProof>
			<IsMeleeProof>false</IsMeleeProof>
			<IsOnlyDamagedByPlayer>false</IsOnlyDamagedByPlayer>
			<PositionRotation>
				<X>-1316.25452</X>
				<Y>-3042.37207</Y>
				<Z>23.1745243</Z>
				<Pitch>-0.0868526101</Pitch>
				<Roll>-89.9282455</Roll>
				<Yaw>165.827362</Yaw>
			</PositionRotation>
			<Attachment isAttached="true">
				<AttachedTo>163624</AttachedTo>
				<BoneIndex>0</BoneIndex>
				<X>-7.45610905</X>
				<Y>-10.0035839</Y>
				<Z>6.96309376</Z>
				<Pitch>-0.0756085888</Pitch>
				<Roll>-90.0135651</Roll>
				<Yaw>-86.6864929</Yaw>
			</Attachment>
		</Attachment>
		<Attachment>
			<ModelHash>0x2f9f084d</ModelHash>
			<Type>3</Type>
			<Dynamic>false</Dynamic>
			<FrozenPos>true</FrozenPos>
			<HashName>ba_prop_battle_glowstick_01</HashName>
			<InitialHandle>143477</InitialHandle>
			<ObjectProperties>
				<TextureVariation>0</TextureVariation>
			</ObjectProperties>
			<OpacityLevel>255</OpacityLevel>
			<LodDistance>16960</LodDistance>
			<IsVisible>true</IsVisible>
			<MaxHealth>1000</MaxHealth>
			<Health>1000</Health>
			<HasGravity>true</HasGravity>
			<IsOnFire>false</IsOnFire>
			<IsInvincible>false</IsInvincible>
			<IsBulletProof>false</IsBulletProof>
			<IsCollisionProof>false</IsCollisionProof>
			<IsExplosionProof>false</IsExplosionProof>
			<IsFireProof>false</IsFireProof>
			<IsMeleeProof>false</IsMeleeProof>
			<IsOnlyDamagedByPlayer>false</IsOnlyDamagedByPlayer>
			<PositionRotation>
				<X>-1316.92273</X>
				<Y>-3042.16162</Y>
				<Z>23.5734901</Z>
				<Pitch>-0.0868527591</Pitch>
				<Roll>-179.928253</Roll>
				<Yaw>165.827362</Yaw>
			</PositionRotation>
			<Attachment isAttached="true">
				<AttachedTo>163624</AttachedTo>
				<BoneIndex>0</BoneIndex>
				<X>-7.45610905</X>
				<Y>-10.7035866</Y>
				<Z>7.36309338</Z>
				<Pitch>-0.0756085888</Pitch>
				<Roll>179.986435</Roll>
				<Yaw>-86.6864929</Yaw>
			</Attachment>
		</Attachment>
		<Attachment>
			<ModelHash>0x2f9f084d</ModelHash>
			<Type>3</Type>
			<Dynamic>false</Dynamic>
			<FrozenPos>true</FrozenPos>
			<HashName>ba_prop_battle_glowstick_01</HashName>
			<InitialHandle>97400</InitialHandle>
			<ObjectProperties>
				<TextureVariation>0</TextureVariation>
			</ObjectProperties>
			<OpacityLevel>255</OpacityLevel>
			<LodDistance>16960</LodDistance>
			<IsVisible>true</IsVisible>
			<MaxHealth>1000</MaxHealth>
			<Health>1000</Health>
			<HasGravity>true</HasGravity>
			<IsOnFire>false</IsOnFire>
			<IsInvincible>false</IsInvincible>
			<IsBulletProof>false</IsBulletProof>
			<IsCollisionProof>false</IsCollisionProof>
			<IsExplosionProof>false</IsExplosionProof>
			<IsFireProof>false</IsFireProof>
			<IsMeleeProof>false</IsMeleeProof>
			<IsOnlyDamagedByPlayer>false</IsOnlyDamagedByPlayer>
			<PositionRotation>
				<X>-1316.92114</X>
				<Y>-3042.16187</Y>
				<Z>22.4734936</Z>
				<Pitch>-0.0868527591</Pitch>
				<Roll>-179.928253</Roll>
				<Yaw>165.827362</Yaw>
			</PositionRotation>
			<Attachment isAttached="true">
				<AttachedTo>163624</AttachedTo>
				<BoneIndex>0</BoneIndex>
				<X>-7.45610905</X>
				<Y>-10.7035866</Y>
				<Z>6.26309443</Z>
				<Pitch>-0.0756085888</Pitch>
				<Roll>179.986435</Roll>
				<Yaw>-86.6864929</Yaw>
			</Attachment>
		</Attachment>
		<Attachment>
			<ModelHash>0x2f9f084d</ModelHash>
			<Type>3</Type>
			<Dynamic>false</Dynamic>
			<FrozenPos>true</FrozenPos>
			<HashName>ba_prop_battle_glowstick_01</HashName>
			<InitialHandle>46602</InitialHandle>
			<ObjectProperties>
				<TextureVariation>0</TextureVariation>
			</ObjectProperties>
			<OpacityLevel>255</OpacityLevel>
			<LodDistance>16960</LodDistance>
			<IsVisible>true</IsVisible>
			<MaxHealth>1000</MaxHealth>
			<Health>1000</Health>
			<HasGravity>true</HasGravity>
			<IsOnFire>false</IsOnFire>
			<IsInvincible>false</IsInvincible>
			<IsBulletProof>false</IsBulletProof>
			<IsCollisionProof>false</IsCollisionProof>
			<IsExplosionProof>false</IsExplosionProof>
			<IsFireProof>false</IsFireProof>
			<IsMeleeProof>false</IsMeleeProof>
			<IsOnlyDamagedByPlayer>false</IsOnlyDamagedByPlayer>
			<PositionRotation>
				<X>-1316.91931</X>
				<Y>-3042.16211</Y>
				<Z>21.2734947</Z>
				<Pitch>-0.0868527591</Pitch>
				<Roll>-179.928253</Roll>
				<Yaw>165.827362</Yaw>
			</PositionRotation>
			<Attachment isAttached="true">
				<AttachedTo>163624</AttachedTo>
				<BoneIndex>0</BoneIndex>
				<X>-7.45610905</X>
				<Y>-10.7035866</Y>
				<Z>5.06309557</Z>
				<Pitch>-0.0756085888</Pitch>
				<Roll>179.986435</Roll>
				<Yaw>-86.6864929</Yaw>
			</Attachment>
		</Attachment>
		<Attachment>
			<ModelHash>0x2f9f084d</ModelHash>
			<Type>3</Type>
			<Dynamic>false</Dynamic>
			<FrozenPos>true</FrozenPos>
			<HashName>ba_prop_battle_glowstick_01</HashName>
			<InitialHandle>34906</InitialHandle>
			<ObjectProperties>
				<TextureVariation>0</TextureVariation>
			</ObjectProperties>
			<OpacityLevel>255</OpacityLevel>
			<LodDistance>16960</LodDistance>
			<IsVisible>true</IsVisible>
			<MaxHealth>1000</MaxHealth>
			<Health>1000</Health>
			<HasGravity>true</HasGravity>
			<IsOnFire>false</IsOnFire>
			<IsInvincible>false</IsInvincible>
			<IsBulletProof>false</IsBulletProof>
			<IsCollisionProof>false</IsCollisionProof>
			<IsExplosionProof>false</IsExplosionProof>
			<IsFireProof>false</IsFireProof>
			<IsMeleeProof>false</IsMeleeProof>
			<IsOnlyDamagedByPlayer>false</IsOnlyDamagedByPlayer>
			<PositionRotation>
				<X>-1318.73157</X>
				<Y>-3041.59131</Y>
				<Z>21.2706928</Z>
				<Pitch>-0.0868527591</Pitch>
				<Roll>-179.928253</Roll>
				<Yaw>165.827362</Yaw>
			</PositionRotation>
			<Attachment isAttached="true">
				<AttachedTo>163624</AttachedTo>
				<BoneIndex>0</BoneIndex>
				<X>-7.45610905</X>
				<Y>-12.6035938</Y>
				<Z>5.06309557</Z>
				<Pitch>-0.0756085888</Pitch>
				<Roll>179.986435</Roll>
				<Yaw>-86.6864929</Yaw>
			</Attachment>
		</Attachment>
		<Attachment>
			<ModelHash>0x2f9f084d</ModelHash>
			<Type>3</Type>
			<Dynamic>false</Dynamic>
			<FrozenPos>true</FrozenPos>
			<HashName>ba_prop_battle_glowstick_01</HashName>
			<InitialHandle>63271</InitialHandle>
			<ObjectProperties>
				<TextureVariation>0</TextureVariation>
			</ObjectProperties>
			<OpacityLevel>255</OpacityLevel>
			<LodDistance>16960</LodDistance>
			<IsVisible>true</IsVisible>
			<MaxHealth>1000</MaxHealth>
			<Health>1000</Health>
			<HasGravity>true</HasGravity>
			<IsOnFire>false</IsOnFire>
			<IsInvincible>false</IsInvincible>
			<IsBulletProof>false</IsBulletProof>
			<IsCollisionProof>false</IsCollisionProof>
			<IsExplosionProof>false</IsExplosionProof>
			<IsFireProof>false</IsFireProof>
			<IsMeleeProof>false</IsMeleeProof>
			<IsOnlyDamagedByPlayer>false</IsOnlyDamagedByPlayer>
			<PositionRotation>
				<X>-1318.7334</X>
				<Y>-3041.59106</Y>
				<Z>22.4706917</Z>
				<Pitch>-0.0868527591</Pitch>
				<Roll>-179.928253</Roll>
				<Yaw>165.827362</Yaw>
			</PositionRotation>
			<Attachment isAttached="true">
				<AttachedTo>163624</AttachedTo>
				<BoneIndex>0</BoneIndex>
				<X>-7.45610905</X>
				<Y>-12.6035938</Y>
				<Z>6.26309443</Z>
				<Pitch>-0.0756085888</Pitch>
				<Roll>179.986435</Roll>
				<Yaw>-86.6864929</Yaw>
			</Attachment>
		</Attachment>
		<Attachment>
			<ModelHash>0x2f9f084d</ModelHash>
			<Type>3</Type>
			<Dynamic>false</Dynamic>
			<FrozenPos>true</FrozenPos>
			<HashName>ba_prop_battle_glowstick_01</HashName>
			<InitialHandle>11566</InitialHandle>
			<ObjectProperties>
				<TextureVariation>0</TextureVariation>
			</ObjectProperties>
			<OpacityLevel>255</OpacityLevel>
			<LodDistance>16960</LodDistance>
			<IsVisible>true</IsVisible>
			<MaxHealth>1000</MaxHealth>
			<Health>1000</Health>
			<HasGravity>true</HasGravity>
			<IsOnFire>false</IsOnFire>
			<IsInvincible>false</IsInvincible>
			<IsBulletProof>false</IsBulletProof>
			<IsCollisionProof>false</IsCollisionProof>
			<IsExplosionProof>false</IsExplosionProof>
			<IsFireProof>false</IsFireProof>
			<IsMeleeProof>false</IsMeleeProof>
			<IsOnlyDamagedByPlayer>false</IsOnlyDamagedByPlayer>
			<PositionRotation>
				<X>-1318.73499</X>
				<Y>-3041.59082</Y>
				<Z>23.5706882</Z>
				<Pitch>-0.0868527591</Pitch>
				<Roll>-179.928253</Roll>
				<Yaw>165.827362</Yaw>
			</PositionRotation>
			<Attachment isAttached="true">
				<AttachedTo>163624</AttachedTo>
				<BoneIndex>0</BoneIndex>
				<X>-7.45610905</X>
				<Y>-12.6035938</Y>
				<Z>7.36309338</Z>
				<Pitch>-0.0756085888</Pitch>
				<Roll>179.986435</Roll>
				<Yaw>-86.6864929</Yaw>
			</Attachment>
		</Attachment>
		<Attachment>
			<ModelHash>0x2f9f084d</ModelHash>
			<Type>3</Type>
			<Dynamic>false</Dynamic>
			<FrozenPos>true</FrozenPos>
			<HashName>ba_prop_battle_glowstick_01</HashName>
			<InitialHandle>154157</InitialHandle>
			<ObjectProperties>
				<TextureVariation>0</TextureVariation>
			</ObjectProperties>
			<OpacityLevel>255</OpacityLevel>
			<LodDistance>16960</LodDistance>
			<IsVisible>true</IsVisible>
			<MaxHealth>1000</MaxHealth>
			<Health>1000</Health>
			<HasGravity>true</HasGravity>
			<IsOnFire>false</IsOnFire>
			<IsInvincible>false</IsInvincible>
			<IsBulletProof>false</IsBulletProof>
			<IsCollisionProof>false</IsCollisionProof>
			<IsExplosionProof>false</IsExplosionProof>
			<IsFireProof>false</IsFireProof>
			<IsMeleeProof>false</IsMeleeProof>
			<IsOnlyDamagedByPlayer>false</IsOnlyDamagedByPlayer>
			<PositionRotation>
				<X>-1318.35291</X>
				<Y>-3041.71094</Y>
				<Z>23.1712799</Z>
				<Pitch>-0.0868526101</Pitch>
				<Roll>-89.9282455</Roll>
				<Yaw>165.827362</Yaw>
			</PositionRotation>
			<Attachment isAttached="true">
				<AttachedTo>163624</AttachedTo>
				<BoneIndex>0</BoneIndex>
				<X>-7.45610905</X>
				<Y>-12.2035923</Y>
				<Z>6.96309376</Z>
				<Pitch>-0.0756085888</Pitch>
				<Roll>-90.0135651</Roll>
				<Yaw>-86.6864929</Yaw>
			</Attachment>
		</Attachment>
		<Attachment>
			<ModelHash>0x2f9f084d</ModelHash>
			<Type>3</Type>
			<Dynamic>false</Dynamic>
			<FrozenPos>true</FrozenPos>
			<HashName>ba_prop_battle_glowstick_01</HashName>
			<InitialHandle>32371</InitialHandle>
			<ObjectProperties>
				<TextureVariation>0</TextureVariation>
			</ObjectProperties>
			<OpacityLevel>255</OpacityLevel>
			<LodDistance>16960</LodDistance>
			<IsVisible>true</IsVisible>
			<MaxHealth>1000</MaxHealth>
			<Health>1000</Health>
			<HasGravity>true</HasGravity>
			<IsOnFire>false</IsOnFire>
			<IsInvincible>false</IsInvincible>
			<IsBulletProof>false</IsBulletProof>
			<IsCollisionProof>false</IsCollisionProof>
			<IsExplosionProof>false</IsExplosionProof>
			<IsFireProof>false</IsFireProof>
			<IsMeleeProof>false</IsMeleeProof>
			<IsOnlyDamagedByPlayer>false</IsOnlyDamagedByPlayer>
			<PositionRotation>
				<X>-1319.11401</X>
				<Y>-3041.47095</Y>
				<Z>21.8701019</Z>
				<Pitch>-0.0868526101</Pitch>
				<Roll>-89.9282455</Roll>
				<Yaw>165.827362</Yaw>
			</PositionRotation>
			<Attachment isAttached="true">
				<AttachedTo>163624</AttachedTo>
				<BoneIndex>0</BoneIndex>
				<X>-7.45610905</X>
				<Y>-13.0035954</Y>
				<Z>5.663095</Z>
				<Pitch>-0.0756085888</Pitch>
				<Roll>-90.0135651</Roll>
				<Yaw>-86.6864929</Yaw>
			</Attachment>
		</Attachment>
	</SpoonerAttachments>
</Vehicle>
