<?xml version="1.0" encoding="ISO-8859-1"?>
<Vehicle menyoo_ver="0.999876795b">
	<ModelHash>0x86cf7cdd</ModelHash>
	<InitialHandle>53587</InitialHandle>
	<VehicleProperties>
		<Colours>
			<Primary>46</Primary>
			<Secondary>21</Secondary>
			<Pearl>3</Pearl>
			<Rim>156</Rim>
			<Mod1_a>6</Mod1_a>
			<Mod1_b>-1</Mod1_b>
			<Mod1_c>-1</Mod1_c>
			<Mod2_a>6</Mod2_a>
			<Mod2_b>-1</Mod2_b>
			<IsPrimaryColourCustom>false</IsPrimaryColourCustom>
			<IsSecondaryColourCustom>false</IsSecondaryColourCustom>
			<tyreSmoke_R>255</tyreSmoke_R>
			<tyreSmoke_G>255</tyreSmoke_G>
			<tyreSmoke_B>255</tyreSmoke_B>
			<LrInterior>0</LrInterior>
			<LrDashboard>0</LrDashboard>
		</Colours>
		<Livery>-1</Livery>
		<NumberPlateText>46YKJ432</NumberPlateText>
		<NumberPlateIndex>2</NumberPlateIndex>
		<WheelType>2</WheelType>
		<WheelsInvisible>false</WheelsInvisible>
		<EngineSoundName></EngineSoundName>
		<WindowTint>-1</WindowTint>
		<BulletProofTyres>true</BulletProofTyres>
		<DirtLevel>0.721080482</DirtLevel>
		<PaintFade>0.298039228</PaintFade>
		<RoofState>0</RoofState>
		<SirenActive>false</SirenActive>
		<EngineOn>true</EngineOn>
		<EngineHealth>1250</EngineHealth>
		<LightsOn>true</LightsOn>
		<IsRadioLoud>0</IsRadioLoud>
		<LockStatus>1</LockStatus>
		<Neons>
			<Left>false</Left>
			<Right>false</Right>
			<Front>false</Front>
			<Back>false</Back>
			<R>255</R>
			<G>0</G>
			<B>255</B>
		</Neons>
		<ModExtras />
		<Mods>
			<_0>-1,0</_0>
			<_1>-1,0</_1>
			<_2>-1,0</_2>
			<_3>-1,0</_3>
			<_4>-1,0</_4>
			<_5>-1,0</_5>
			<_6>-1,0</_6>
			<_7>-1,0</_7>
			<_8>-1,0</_8>
			<_9>-1,0</_9>
			<_10>-1,0</_10>
			<_11>-1,0</_11>
			<_12>-1,0</_12>
			<_13>-1,0</_13>
			<_14>-1,0</_14>
			<_15>-1,0</_15>
			<_16>-1,0</_16>
			<_17>false</_17>
			<_18>false</_18>
			<_19>false</_19>
			<_20>false</_20>
			<_21>false</_21>
			<_22>false</_22>
			<_23>-1,0</_23>
			<_24>-1,0</_24>
			<_25>-1,0</_25>
			<_26>-1,0</_26>
			<_27>-1,0</_27>
			<_28>-1,0</_28>
			<_29>-1,0</_29>
			<_30>-1,0</_30>
			<_31>-1,0</_31>
			<_32>-1,0</_32>
			<_33>-1,0</_33>
			<_34>-1,0</_34>
			<_35>-1,0</_35>
			<_36>-1,0</_36>
			<_37>-1,0</_37>
			<_38>-1,0</_38>
			<_39>-1,0</_39>
			<_40>-1,0</_40>
			<_41>-1,0</_41>
			<_42>-1,0</_42>
			<_43>-1,0</_43>
			<_44>-1,0</_44>
			<_45>-1,0</_45>
			<_46>-1,0</_46>
			<_47>-1,0</_47>
			<_48>-1,0</_48>
		</Mods>
		<DoorsOpen>
			<BackLeftDoor>false</BackLeftDoor>
			<BackRightDoor>false</BackRightDoor>
			<FrontLeftDoor>false</FrontLeftDoor>
			<FrontRightDoor>false</FrontRightDoor>
			<Hood>false</Hood>
			<Trunk>false</Trunk>
			<Trunk2>false</Trunk2>
		</DoorsOpen>
		<DoorsBroken>
			<BackLeftDoor>false</BackLeftDoor>
			<BackRightDoor>false</BackRightDoor>
			<FrontLeftDoor>false</FrontLeftDoor>
			<FrontRightDoor>false</FrontRightDoor>
			<Hood>false</Hood>
			<Trunk>false</Trunk>
			<Trunk2>false</Trunk2>
		</DoorsBroken>
		<TyresBursted>
			<FrontLeft>false</FrontLeft>
			<FrontRight>false</FrontRight>
			<_2>false</_2>
			<_3>false</_3>
			<BackLeft>false</BackLeft>
			<BackRight>false</BackRight>
			<_6>false</_6>
			<_7>false</_7>
			<_8>false</_8>
		</TyresBursted>
	</VehicleProperties>
	<OpacityLevel>255</OpacityLevel>
	<LodDistance>16960</LodDistance>
	<IsVisible>true</IsVisible>
	<IsDriverVisible>true</IsDriverVisible>
	<MaxHealth>1000</MaxHealth>
	<Health>1000</Health>
	<HasGravity>true</HasGravity>
	<IsOnFire>false</IsOnFire>
	<IsInvincible>true</IsInvincible>
	<IsBulletProof>true</IsBulletProof>
	<IsExplosionProof>true</IsExplosionProof>
	<IsFireProof>false</IsFireProof>
	<IsMeleeProof>true</IsMeleeProof>
	<IsOnlyDamagedByPlayer>false</IsOnlyDamagedByPlayer>
	<SpoonerAttachments SetAttachmentsPersistentAndAddToSpoonerDatabase="true" StartTaskSequencesOnLoad="true">
		<Attachment>
			<ModelHash>0x7ea4ffa6</ModelHash>
			<Type>1</Type>
			<Dynamic>false</Dynamic>
			<FrozenPos>true</FrozenPos>
			<HashName>Mariachi</HashName>
			<InitialHandle>8530</InitialHandle>
			<TaskSequence>
				<Task>
					<Type>14</Type>
					<Duration>10000</Duration>
					<KeepTaskRunningAfterTime>1</KeepTaskRunningAfterTime>
					<IsLoopedTask>false</IsLoopedTask>
					<AnimDict>amb@code_human_in_car_idles@generic@ps@base</AnimDict>
					<AnimName>base</AnimName>
					<Speed>4</Speed>
					<SpeedMultiplier>-4</SpeedMultiplier>
					<Flag>1</Flag>
					<LockPos>false</LockPos>
					<OverrideDurationToNormalSpeedAnimDuration>false</OverrideDurationToNormalSpeedAnimDuration>
				</Task>
			</TaskSequence>
			<PedProperties>
				<IsStill>true</IsStill>
				<CanRagdoll>false</CanRagdoll>
				<HasShortHeight>false</HasShortHeight>
				<Armour>0</Armour>
				<CurrentWeapon>0xa2719263</CurrentWeapon>
				<PedProps>
					<_0>-1,-1</_0>
					<_1>-1,-1</_1>
					<_2>-1,-1</_2>
					<_3>-1,-1</_3>
					<_4>-1,-1</_4>
					<_5>-1,-1</_5>
					<_6>-1,-1</_6>
					<_7>-1,-1</_7>
					<_8>-1,-1</_8>
					<_9>-1,-1</_9>
				</PedProps>
				<PedComps>
					<_0>1,1</_0>
					<_1>0,0</_1>
					<_2>0,0</_2>
					<_3>0,1</_3>
					<_4>0,0</_4>
					<_5>0,0</_5>
					<_6>0,0</_6>
					<_7>0,0</_7>
					<_8>0,0</_8>
					<_9>0,0</_9>
					<_10>0,0</_10>
					<_11>0,0</_11>
				</PedComps>
				<RelationshipGroupAltered>true</RelationshipGroupAltered>
				<RelationshipGroup>0x217b058e</RelationshipGroup>
				<ScenarioActive>false</ScenarioActive>
				<AnimActive>true</AnimActive>
				<AnimDict>anim@heists@fleeca_bank@scope_out@lester_in_car</AnimDict>
				<AnimName>passenger_loop</AnimName>
			</PedProperties>
			<OpacityLevel>255</OpacityLevel>
			<LodDistance>16960</LodDistance>
			<IsVisible>true</IsVisible>
			<MaxHealth>99999</MaxHealth>
			<Health>99999</Health>
			<HasGravity>true</HasGravity>
			<IsOnFire>false</IsOnFire>
			<IsInvincible>true</IsInvincible>
			<IsBulletProof>false</IsBulletProof>
			<IsCollisionProof>true</IsCollisionProof>
			<IsExplosionProof>true</IsExplosionProof>
			<IsFireProof>true</IsFireProof>
			<IsMeleeProof>true</IsMeleeProof>
			<IsOnlyDamagedByPlayer>false</IsOnlyDamagedByPlayer>
			<PositionRotation>
				<X>-1327.448</X>
				<Y>-3052.06519</Y>
				<Z>13.5353241</Z>
				<Pitch>0.00281113409</Pitch>
				<Roll>-0.000294586091</Roll>
				<Yaw>-122.47744</Yaw>
			</PositionRotation>
			<Attachment isAttached="true">
				<AttachedTo>53587</AttachedTo>
				<BoneIndex>0</BoneIndex>
				<X>0.489999801</X>
				<Y>-0.210000008</Y>
				<Z>-0.110000141</Z>
				<Pitch>0</Pitch>
				<Roll>0</Roll>
				<Yaw>0</Yaw>
			</Attachment>
		</Attachment>
		<Attachment>
			<ModelHash>0x7ea4ffa6</ModelHash>
			<Type>1</Type>
			<Dynamic>true</Dynamic>
			<FrozenPos>false</FrozenPos>
			<HashName>Mariachi</HashName>
			<InitialHandle>57939</InitialHandle>
			<TaskSequence>
				<Task>
					<Type>14</Type>
					<Duration>10000</Duration>
					<KeepTaskRunningAfterTime>1</KeepTaskRunningAfterTime>
					<IsLoopedTask>false</IsLoopedTask>
					<AnimDict>amb@code_human_in_car_idles@generic@ps@idle_e</AnimDict>
					<AnimName>idle_m</AnimName>
					<Speed>4</Speed>
					<SpeedMultiplier>-4</SpeedMultiplier>
					<Flag>1</Flag>
					<LockPos>false</LockPos>
					<OverrideDurationToNormalSpeedAnimDuration>false</OverrideDurationToNormalSpeedAnimDuration>
				</Task>
			</TaskSequence>
			<PedProperties>
				<IsStill>true</IsStill>
				<CanRagdoll>false</CanRagdoll>
				<HasShortHeight>false</HasShortHeight>
				<Armour>0</Armour>
				<CurrentWeapon>0xa2719263</CurrentWeapon>
				<PedProps>
					<_0>-1,-1</_0>
					<_1>-1,-1</_1>
					<_2>-1,-1</_2>
					<_3>-1,-1</_3>
					<_4>-1,-1</_4>
					<_5>-1,-1</_5>
					<_6>-1,-1</_6>
					<_7>-1,-1</_7>
					<_8>-1,-1</_8>
					<_9>-1,-1</_9>
				</PedProps>
				<PedComps>
					<_0>0,2</_0>
					<_1>0,0</_1>
					<_2>0,0</_2>
					<_3>1,0</_3>
					<_4>0,2</_4>
					<_5>0,0</_5>
					<_6>0,0</_6>
					<_7>0,0</_7>
					<_8>0,0</_8>
					<_9>0,0</_9>
					<_10>0,0</_10>
					<_11>0,0</_11>
				</PedComps>
				<RelationshipGroupAltered>true</RelationshipGroupAltered>
				<RelationshipGroup>0x217b058e</RelationshipGroup>
				<ScenarioActive>false</ScenarioActive>
				<AnimActive>true</AnimActive>
				<AnimDict>amb@code_human_in_car_idles@van@ps@idle_c</AnimDict>
				<AnimName>idle_h</AnimName>
			</PedProperties>
			<OpacityLevel>255</OpacityLevel>
			<LodDistance>16960</LodDistance>
			<IsVisible>true</IsVisible>
			<MaxHealth>99999</MaxHealth>
			<Health>99999</Health>
			<HasGravity>true</HasGravity>
			<IsOnFire>false</IsOnFire>
			<IsInvincible>true</IsInvincible>
			<IsBulletProof>false</IsBulletProof>
			<IsCollisionProof>true</IsCollisionProof>
			<IsExplosionProof>true</IsExplosionProof>
			<IsFireProof>true</IsFireProof>
			<IsMeleeProof>true</IsMeleeProof>
			<IsOnlyDamagedByPlayer>false</IsOnlyDamagedByPlayer>
			<PositionRotation>
				<X>-1328.05762</X>
				<Y>-3050.65771</Y>
				<Z>14.105258</Z>
				<Pitch>0.00281113409</Pitch>
				<Roll>-0.000294586091</Roll>
				<Yaw>-122.47744</Yaw>
			</PositionRotation>
			<Attachment isAttached="true">
				<AttachedTo>53587</AttachedTo>
				<BoneIndex>0</BoneIndex>
				<X>-0.369999826</X>
				<Y>-1.47999883</Y>
				<Z>0.459999949</Z>
				<Pitch>0</Pitch>
				<Roll>0</Roll>
				<Yaw>0</Yaw>
			</Attachment>
		</Attachment>
		<Attachment>
			<ModelHash>0x7ea4ffa6</ModelHash>
			<Type>1</Type>
			<Dynamic>true</Dynamic>
			<FrozenPos>false</FrozenPos>
			<HashName>Mariachi</HashName>
			<InitialHandle>54611</InitialHandle>
			<TaskSequence>
				<Task>
					<Type>14</Type>
					<Duration>10000</Duration>
					<KeepTaskRunningAfterTime>1</KeepTaskRunningAfterTime>
					<IsLoopedTask>false</IsLoopedTask>
					<AnimDict>amb@code_human_in_car_music@van@ps@base</AnimDict>
					<AnimName>base</AnimName>
					<Speed>4</Speed>
					<SpeedMultiplier>-4</SpeedMultiplier>
					<Flag>1</Flag>
					<LockPos>false</LockPos>
					<OverrideDurationToNormalSpeedAnimDuration>false</OverrideDurationToNormalSpeedAnimDuration>
				</Task>
			</TaskSequence>
			<PedProperties>
				<IsStill>true</IsStill>
				<CanRagdoll>false</CanRagdoll>
				<HasShortHeight>false</HasShortHeight>
				<Armour>0</Armour>
				<CurrentWeapon>0xa2719263</CurrentWeapon>
				<PedProps>
					<_0>-1,-1</_0>
					<_1>-1,-1</_1>
					<_2>-1,-1</_2>
					<_3>-1,-1</_3>
					<_4>-1,-1</_4>
					<_5>-1,-1</_5>
					<_6>-1,-1</_6>
					<_7>-1,-1</_7>
					<_8>-1,-1</_8>
					<_9>-1,-1</_9>
				</PedProps>
				<PedComps>
					<_0>2,0</_0>
					<_1>0,0</_1>
					<_2>0,0</_2>
					<_3>0,0</_3>
					<_4>0,1</_4>
					<_5>0,0</_5>
					<_6>0,0</_6>
					<_7>0,0</_7>
					<_8>0,0</_8>
					<_9>0,0</_9>
					<_10>0,0</_10>
					<_11>0,0</_11>
				</PedComps>
				<RelationshipGroupAltered>true</RelationshipGroupAltered>
				<RelationshipGroup>0x217b058e</RelationshipGroup>
				<ScenarioActive>false</ScenarioActive>
				<AnimActive>true</AnimActive>
				<AnimDict>timetable@trevor@smoking_meth@base</AnimDict>
				<AnimName>base</AnimName>
			</PedProperties>
			<OpacityLevel>255</OpacityLevel>
			<LodDistance>16960</LodDistance>
			<IsVisible>true</IsVisible>
			<MaxHealth>99999</MaxHealth>
			<Health>99999</Health>
			<HasGravity>true</HasGravity>
			<IsOnFire>false</IsOnFire>
			<IsInvincible>true</IsInvincible>
			<IsBulletProof>false</IsBulletProof>
			<IsCollisionProof>true</IsCollisionProof>
			<IsExplosionProof>true</IsExplosionProof>
			<IsFireProof>true</IsFireProof>
			<IsMeleeProof>true</IsMeleeProof>
			<IsOnlyDamagedByPlayer>false</IsOnlyDamagedByPlayer>
			<PositionRotation>
				<X>-1328.31079</X>
				<Y>-3051.93091</Y>
				<Z>14.5052872</Z>
				<Pitch>0.00262038386</Pitch>
				<Roll>0.00105964369</Roll>
				<Yaw>-150.477432</Yaw>
			</PositionRotation>
			<Attachment isAttached="true">
				<AttachedTo>53587</AttachedTo>
				<BoneIndex>0</BoneIndex>
				<X>0.840000033</X>
				<Y>-1.00999892</Y>
				<Z>0.859999776</Z>
				<Pitch>0</Pitch>
				<Roll>0</Roll>
				<Yaw>-27.9999981</Yaw>
			</Attachment>
		</Attachment>
		<Attachment>
			<ModelHash>0x5e3da4a4</ModelHash>
			<Type>1</Type>
			<Dynamic>true</Dynamic>
			<FrozenPos>false</FrozenPos>
			<HashName>Cop Male</HashName>
			<InitialHandle>54867</InitialHandle>
			<TaskSequence>
				<Task>
					<Type>14</Type>
					<Duration>10000</Duration>
					<KeepTaskRunningAfterTime>1</KeepTaskRunningAfterTime>
					<IsLoopedTask>false</IsLoopedTask>
					<AnimDict>dead</AnimDict>
					<AnimName>dead_e</AnimName>
					<Speed>4</Speed>
					<SpeedMultiplier>-4</SpeedMultiplier>
					<Flag>1</Flag>
					<LockPos>false</LockPos>
					<OverrideDurationToNormalSpeedAnimDuration>false</OverrideDurationToNormalSpeedAnimDuration>
				</Task>
			</TaskSequence>
			<PedProperties>
				<IsStill>true</IsStill>
				<CanRagdoll>false</CanRagdoll>
				<HasShortHeight>false</HasShortHeight>
				<Armour>0</Armour>
				<CurrentWeapon>0xa2719263</CurrentWeapon>
				<PedProps>
					<_0>-1,-1</_0>
					<_1>-1,-1</_1>
					<_2>-1,-1</_2>
					<_3>-1,-1</_3>
					<_4>-1,-1</_4>
					<_5>-1,-1</_5>
					<_6>-1,-1</_6>
					<_7>-1,-1</_7>
					<_8>-1,-1</_8>
					<_9>-1,-1</_9>
				</PedProps>
				<PedComps>
					<_0>0,1</_0>
					<_1>0,0</_1>
					<_2>0,0</_2>
					<_3>1,0</_3>
					<_4>0,0</_4>
					<_5>0,0</_5>
					<_6>0,0</_6>
					<_7>0,0</_7>
					<_8>1,0</_8>
					<_9>0,0</_9>
					<_10>1,1</_10>
					<_11>0,0</_11>
				</PedComps>
				<RelationshipGroupAltered>false</RelationshipGroupAltered>
				<RelationshipGroup>0xa49e591c</RelationshipGroup>
				<ScenarioActive>false</ScenarioActive>
				<AnimActive>true</AnimActive>
				<AnimDict>dead</AnimDict>
				<AnimName>dead_e</AnimName>
			</PedProperties>
			<OpacityLevel>255</OpacityLevel>
			<LodDistance>16960</LodDistance>
			<IsVisible>true</IsVisible>
			<MaxHealth>0</MaxHealth>
			<Health>0</Health>
			<HasGravity>true</HasGravity>
			<IsOnFire>false</IsOnFire>
			<IsInvincible>false</IsInvincible>
			<IsBulletProof>false</IsBulletProof>
			<IsCollisionProof>true</IsCollisionProof>
			<IsExplosionProof>false</IsExplosionProof>
			<IsFireProof>false</IsFireProof>
			<IsMeleeProof>false</IsMeleeProof>
			<IsOnlyDamagedByPlayer>false</IsOnlyDamagedByPlayer>
			<PositionRotation>
				<X>-1325.68555</X>
				<Y>-3052.62988</Y>
				<Z>14.7954092</Z>
				<Pitch>0.00194143783</Pitch>
				<Roll>0.0020542827</Roll>
				<Yaw>-175.077454</Yaw>
			</PositionRotation>
			<Attachment isAttached="true">
				<AttachedTo>53587</AttachedTo>
				<BoneIndex>0</BoneIndex>
				<X>0.0199999958</X>
				<Y>1.57999885</Y>
				<Z>1.14999926</Z>
				<Pitch>1.6272068e-05</Pitch>
				<Roll>1.78813934e-06</Roll>
				<Yaw>-52.6000175</Yaw>
			</Attachment>
		</Attachment>
		<Attachment>
			<ModelHash>0x03a41e1a</ModelHash>
			<Type>3</Type>
			<Dynamic>false</Dynamic>
			<FrozenPos>true</FrozenPos>
			<HashName>prop_el_guitar_03</HashName>
			<InitialHandle>55891</InitialHandle>
			<ObjectProperties>
				<TextureVariation>0</TextureVariation>
			</ObjectProperties>
			<OpacityLevel>255</OpacityLevel>
			<LodDistance>16960</LodDistance>
			<IsVisible>true</IsVisible>
			<MaxHealth>1000</MaxHealth>
			<Health>1000</Health>
			<HasGravity>true</HasGravity>
			<IsOnFire>false</IsOnFire>
			<IsInvincible>true</IsInvincible>
			<IsBulletProof>false</IsBulletProof>
			<IsCollisionProof>true</IsCollisionProof>
			<IsExplosionProof>true</IsExplosionProof>
			<IsFireProof>true</IsFireProof>
			<IsMeleeProof>true</IsMeleeProof>
			<IsOnlyDamagedByPlayer>false</IsOnlyDamagedByPlayer>
			<PositionRotation>
				<X>-1328.6106</X>
				<Y>-3050.74438</Y>
				<Z>13.945241</Z>
				<Pitch>-90</Pitch>
				<Roll>50.2774429</Roll>
				<Yaw>0</Yaw>
			</PositionRotation>
			<Attachment isAttached="true">
				<AttachedTo>53587</AttachedTo>
				<BoneIndex>0</BoneIndex>
				<X>0</X>
				<Y>-1.90000021</Y>
				<Z>0.299999923</Z>
				<Pitch>-90.0000076</Pitch>
				<Roll>-72.1999969</Roll>
				<Yaw>0</Yaw>
			</Attachment>
		</Attachment>
		<Attachment>
			<ModelHash>0xb63f6584</ModelHash>
			<Type>3</Type>
			<Dynamic>false</Dynamic>
			<FrozenPos>true</FrozenPos>
			<HashName>prop_rope_family_3</HashName>
			<InitialHandle>56403</InitialHandle>
			<ObjectProperties>
				<TextureVariation>0</TextureVariation>
			</ObjectProperties>
			<OpacityLevel>255</OpacityLevel>
			<LodDistance>16960</LodDistance>
			<IsVisible>true</IsVisible>
			<MaxHealth>1000</MaxHealth>
			<Health>1000</Health>
			<HasGravity>true</HasGravity>
			<IsOnFire>false</IsOnFire>
			<IsInvincible>true</IsInvincible>
			<IsBulletProof>false</IsBulletProof>
			<IsCollisionProof>true</IsCollisionProof>
			<IsExplosionProof>true</IsExplosionProof>
			<IsFireProof>true</IsFireProof>
			<IsMeleeProof>true</IsMeleeProof>
			<IsOnlyDamagedByPlayer>false</IsOnlyDamagedByPlayer>
			<PositionRotation>
				<X>-1325.71387</X>
				<Y>-3052.46973</Y>
				<Z>13.895401</Z>
				<Pitch>0.000880027132</Pitch>
				<Roll>81.9973831</Roll>
				<Yaw>-57.4774475</Yaw>
			</PositionRotation>
			<Attachment isAttached="true">
				<AttachedTo>53587</AttachedTo>
				<BoneIndex>0</BoneIndex>
				<X>-0.099999994</X>
				<Y>1.46999991</Y>
				<Z>0.24999994</Z>
				<Pitch>0</Pitch>
				<Roll>81.9999847</Roll>
				<Yaw>64.9999924</Yaw>
			</Attachment>
		</Attachment>
		<Attachment>
			<ModelHash>0x2cfd9427</ModelHash>
			<Type>3</Type>
			<Dynamic>false</Dynamic>
			<FrozenPos>true</FrozenPos>
			<HashName>prop_runlight_r</HashName>
			<InitialHandle>56915</InitialHandle>
			<ObjectProperties>
				<TextureVariation>0</TextureVariation>
			</ObjectProperties>
			<OpacityLevel>255</OpacityLevel>
			<LodDistance>16960</LodDistance>
			<IsVisible>true</IsVisible>
			<MaxHealth>1000</MaxHealth>
			<Health>1000</Health>
			<HasGravity>true</HasGravity>
			<IsOnFire>false</IsOnFire>
			<IsInvincible>true</IsInvincible>
			<IsBulletProof>false</IsBulletProof>
			<IsCollisionProof>true</IsCollisionProof>
			<IsExplosionProof>true</IsExplosionProof>
			<IsFireProof>true</IsFireProof>
			<IsMeleeProof>true</IsMeleeProof>
			<IsOnlyDamagedByPlayer>false</IsOnlyDamagedByPlayer>
			<PositionRotation>
				<X>-1325.54822</X>
				<Y>-3052.6936</Y>
				<Z>13.1854143</Z>
				<Pitch>0.00273354934</Pitch>
				<Roll>179.99971</Roll>
				<Yaw>-122.47744</Yaw>
			</PositionRotation>
			<Attachment isAttached="true">
				<AttachedTo>53587</AttachedTo>
				<BoneIndex>0</BoneIndex>
				<X>0</X>
				<Y>1.72999871</Y>
				<Z>-0.459999859</Z>
				<Pitch>0</Pitch>
				<Roll>-179.999985</Roll>
				<Yaw>0</Yaw>
			</Attachment>
		</Attachment>
		<Attachment>
			<ModelHash>0x08644ae1</ModelHash>
			<Type>3</Type>
			<Dynamic>false</Dynamic>
			<FrozenPos>true</FrozenPos>
			<HashName>prop_runlight_g</HashName>
			<InitialHandle>57171</InitialHandle>
			<ObjectProperties>
				<TextureVariation>0</TextureVariation>
			</ObjectProperties>
			<OpacityLevel>255</OpacityLevel>
			<LodDistance>16960</LodDistance>
			<IsVisible>true</IsVisible>
			<MaxHealth>1000</MaxHealth>
			<Health>1000</Health>
			<HasGravity>true</HasGravity>
			<IsOnFire>false</IsOnFire>
			<IsInvincible>true</IsInvincible>
			<IsBulletProof>false</IsBulletProof>
			<IsCollisionProof>true</IsCollisionProof>
			<IsExplosionProof>true</IsExplosionProof>
			<IsFireProof>true</IsFireProof>
			<IsMeleeProof>true</IsMeleeProof>
			<IsOnlyDamagedByPlayer>false</IsOnlyDamagedByPlayer>
			<PositionRotation>
				<X>-1328.69482</X>
				<Y>-3050.69067</Y>
				<Z>13.2452364</Z>
				<Pitch>0.00273354934</Pitch>
				<Roll>179.99971</Roll>
				<Yaw>-122.47744</Yaw>
			</PositionRotation>
			<Attachment isAttached="true">
				<AttachedTo>53587</AttachedTo>
				<BoneIndex>0</BoneIndex>
				<X>0</X>
				<Y>-2.00000024</Y>
				<Z>-0.399999917</Z>
				<Pitch>0</Pitch>
				<Roll>-179.999985</Roll>
				<Yaw>0</Yaw>
			</Attachment>
		</Attachment>
		<Attachment>
			<ModelHash>0x21cf4486</ModelHash>
			<Type>3</Type>
			<Dynamic>false</Dynamic>
			<FrozenPos>true</FrozenPos>
			<HashName>sm_prop_smug_hangar_lamp_led_b</HashName>
			<InitialHandle>37971</InitialHandle>
			<ObjectProperties>
				<TextureVariation>0</TextureVariation>
			</ObjectProperties>
			<OpacityLevel>255</OpacityLevel>
			<LodDistance>16960</LodDistance>
			<IsVisible>true</IsVisible>
			<MaxHealth>1000</MaxHealth>
			<Health>1000</Health>
			<HasGravity>true</HasGravity>
			<IsOnFire>false</IsOnFire>
			<IsInvincible>true</IsInvincible>
			<IsBulletProof>false</IsBulletProof>
			<IsCollisionProof>true</IsCollisionProof>
			<IsExplosionProof>true</IsExplosionProof>
			<IsFireProof>true</IsFireProof>
			<IsMeleeProof>true</IsMeleeProof>
			<IsOnlyDamagedByPlayer>false</IsOnlyDamagedByPlayer>
			<PositionRotation>
				<X>-1327.00769</X>
				<Y>-3051.76465</Y>
				<Z>13.2453318</Z>
				<Pitch>0.00273207552</Pitch>
				<Roll>45.999691</Roll>
				<Yaw>-122.47744</Yaw>
			</PositionRotation>
			<Attachment isAttached="true">
				<AttachedTo>53587</AttachedTo>
				<BoneIndex>0</BoneIndex>
				<X>0</X>
				<Y>0</Y>
				<Z>-0.399999976</Z>
				<Pitch>0</Pitch>
				<Roll>45.9999962</Roll>
				<Yaw>0</Yaw>
			</Attachment>
		</Attachment>
		<Attachment>
			<ModelHash>0xb7e2ddaf</ModelHash>
			<Type>3</Type>
			<Dynamic>false</Dynamic>
			<FrozenPos>true</FrozenPos>
			<HashName>w_sg_heavyshotgun</HashName>
			<InitialHandle>38227</InitialHandle>
			<ObjectProperties>
				<TextureVariation>0</TextureVariation>
			</ObjectProperties>
			<OpacityLevel>255</OpacityLevel>
			<LodDistance>16960</LodDistance>
			<IsVisible>true</IsVisible>
			<MaxHealth>1000</MaxHealth>
			<Health>1000</Health>
			<HasGravity>true</HasGravity>
			<IsOnFire>false</IsOnFire>
			<IsInvincible>true</IsInvincible>
			<IsBulletProof>false</IsBulletProof>
			<IsCollisionProof>false</IsCollisionProof>
			<IsExplosionProof>true</IsExplosionProof>
			<IsFireProof>true</IsFireProof>
			<IsMeleeProof>true</IsMeleeProof>
			<IsOnlyDamagedByPlayer>false</IsOnlyDamagedByPlayer>
			<PositionRotation>
				<X>-1328.75562</X>
				<Y>-3052.01514</Y>
				<Z>14.2152739</Z>
				<Pitch>-72.2886658</Pitch>
				<Roll>-0.00855396688</Roll>
				<Yaw>-57.5956268</Yaw>
			</PositionRotation>
			<Attachment isAttached="true">
				<AttachedTo>53587</AttachedTo>
				<BoneIndex>0</BoneIndex>
				<X>1.14999998</X>
				<Y>-1.34000003</Y>
				<Z>0.570000172</Z>
				<Pitch>-72.2895432</Pitch>
				<Roll>0</Roll>
				<Yaw>64.8899689</Yaw>
			</Attachment>
		</Attachment>
	</SpoonerAttachments>
</Vehicle>
