<?xml version="1.0" encoding="ISO-8859-1"?>
<Vehicle>
	<ModelHash>0xd83c13ce</ModelHash>
	<VehicleProperties>
		<Colours>
			<Primary>57</Primary>
			<Secondary>0</Secondary>
			<Pearl>48</Pearl>
			<Rim>156</Rim>
			<Mod1_a>6</Mod1_a>
			<Mod1_b>-1</Mod1_b>
			<Mod1_c>-1</Mod1_c>
			<Mod2_a>1</Mod2_a>
			<Mod2_b>7</Mod2_b>
			<IsPrimaryColourCustom>false</IsPrimaryColourCustom>
			<IsSecondaryColourCustom>false</IsSecondaryColourCustom>
			<tyreSmoke_R>255</tyreSmoke_R>
			<tyreSmoke_G>255</tyreSmoke_G>
			<tyreSmoke_B>255</tyreSmoke_B>
			<LrInterior>0</LrInterior>
			<LrDashboard>0</LrDashboard>
		</Colours>
		<Livery>-1</Livery>
		<NumberPlateText>420BLAZE</NumberPlateText>
		<NumberPlateIndex>2</NumberPlateIndex>
		<WheelType>1</WheelType>
		<BulletProofTyres>false</BulletProofTyres>
		<DirtLevel>3.99090099</DirtLevel>
		<PaintFade>0.215686291</PaintFade>
		<RoofState>0</RoofState>
		<Neons>
			<Left>true</Left>
			<Right>true</Right>
			<Front>true</Front>
			<Back>true</Back>
			<R>94</R>
			<G>255</G>
			<B>1</B>
		</Neons>
		<ModExtras>
			<_1>false</_1>
			<_10>false</_10>
			<_11>true</_11>
		</ModExtras>
		<Mods>
			<_0>-1,0</_0>
			<_1>-1,0</_1>
			<_2>-1,0</_2>
			<_3>-1,0</_3>
			<_4>-1,0</_4>
			<_5>-1,0</_5>
			<_6>-1,0</_6>
			<_7>-1,0</_7>
			<_8>-1,0</_8>
			<_9>-1,0</_9>
			<_10>0,0</_10>
			<_11>-1,0</_11>
			<_12>-1,0</_12>
			<_13>-1,0</_13>
			<_14>-1,0</_14>
			<_15>-1,0</_15>
			<_16>-1,0</_16>
			<_17>false</_17>
			<_18>false</_18>
			<_19>false</_19>
			<_20>false</_20>
			<_21>false</_21>
			<_22>false</_22>
			<_23>-1,0</_23>
			<_24>-1,0</_24>
			<_25>-1,0</_25>
			<_26>-1,0</_26>
			<_27>-1,0</_27>
			<_28>-1,0</_28>
			<_29>-1,0</_29>
			<_30>-1,0</_30>
			<_31>-1,0</_31>
			<_32>-1,0</_32>
			<_33>-1,0</_33>
			<_34>-1,0</_34>
			<_35>-1,0</_35>
			<_36>-1,0</_36>
			<_37>-1,0</_37>
			<_38>-1,0</_38>
			<_39>-1,0</_39>
			<_40>-1,0</_40>
			<_41>-1,0</_41>
			<_42>-1,0</_42>
			<_43>-1,0</_43>
			<_44>-1,0</_44>
			<_45>-1,0</_45>
			<_46>-1,0</_46>
			<_47>-1,0</_47>
			<_48>-1,0</_48>
		</Mods>
	</VehicleProperties>
	<OpacityLevel>255</OpacityLevel>
	<LodDistance>16960</LodDistance>
	<IsVisible>true</IsVisible>
	<IsOnFire>false</IsOnFire>
	<IsInvincible>false</IsInvincible>
	<IsBulletProof>false</IsBulletProof>
	<IsExplosionProof>false</IsExplosionProof>
	<IsFireProof>false</IsFireProof>
	<IsMeleeProof>false</IsMeleeProof>
	<IsOnlyDamagedByPlayer>false</IsOnlyDamagedByPlayer>
	<SpoonerAttachments>
		<Attachment>
			<ModelHash>0x3a12a4ba</ModelHash>
			<Type>3</Type>
			<Dynamic>false</Dynamic>
			<HashName>prop_protest_table_01</HashName>
			<InitialHandle>102153</InitialHandle>
			<OpacityLevel>255</OpacityLevel>
			<LodDistance>16960</LodDistance>
			<IsVisible>true</IsVisible>
			<Health>1000</Health>
			<IsOnFire>false</IsOnFire>
			<IsInvincible>false</IsInvincible>
			<IsBulletProof>false</IsBulletProof>
			<IsCollisionProof>false</IsCollisionProof>
			<IsExplosionProof>false</IsExplosionProof>
			<IsFireProof>false</IsFireProof>
			<IsMeleeProof>false</IsMeleeProof>
			<IsOnlyDamagedByPlayer>false</IsOnlyDamagedByPlayer>
			<PositionRotation>
				<X>-1046.61829</X>
				<Y>-1563.32483</Y>
				<Z>4.87600756</Z>
				<Pitch>-0.35614872</Pitch>
				<Roll>1.27245593</Roll>
				<Yaw>-145.168228</Yaw>
			</PositionRotation>
			<Attachment isAttached="true">
				<AttachedTo>VEHICLE</AttachedTo>
				<BoneIndex>0</BoneIndex>
				<X>-0.439999908</X>
				<Y>-1.02000022</Y>
				<Z>0.800000012</Z>
				<Pitch>0</Pitch>
				<Roll>0</Roll>
				<Yaw>-90.0000076</Yaw>
			</Attachment>
		</Attachment>
		<Attachment>
			<ModelHash>0x3a12a4ba</ModelHash>
			<Type>3</Type>
			<Dynamic>false</Dynamic>
			<HashName>prop_protest_table_01</HashName>
			<InitialHandle>441608</InitialHandle>
			<OpacityLevel>255</OpacityLevel>
			<LodDistance>16960</LodDistance>
			<IsVisible>true</IsVisible>
			<Health>1000</Health>
			<IsOnFire>false</IsOnFire>
			<IsInvincible>false</IsInvincible>
			<IsBulletProof>false</IsBulletProof>
			<IsCollisionProof>false</IsCollisionProof>
			<IsExplosionProof>false</IsExplosionProof>
			<IsFireProof>false</IsFireProof>
			<IsMeleeProof>false</IsMeleeProof>
			<IsOnlyDamagedByPlayer>false</IsOnlyDamagedByPlayer>
			<PositionRotation>
				<X>-1046.1156</X>
				<Y>-1564.04724</Y>
				<Z>4.87053728</Z>
				<Pitch>0.35614872</Pitch>
				<Roll>-1.27245593</Roll>
				<Yaw>34.8317604</Yaw>
			</PositionRotation>
			<Attachment isAttached="true">
				<AttachedTo>VEHICLE</AttachedTo>
				<BoneIndex>0</BoneIndex>
				<X>0.440000027</X>
				<Y>-1.0200001</Y>
				<Z>0.799999595</Z>
				<Pitch>0</Pitch>
				<Roll>0</Roll>
				<Yaw>90.0000076</Yaw>
			</Attachment>
		</Attachment>
		<Attachment>
			<ModelHash>0xdf007c62</ModelHash>
			<Type>3</Type>
			<Dynamic>false</Dynamic>
			<HashName>hei_prop_heist_weed_pallet</HashName>
			<InitialHandle>339722</InitialHandle>
			<OpacityLevel>255</OpacityLevel>
			<LodDistance>16960</LodDistance>
			<IsVisible>true</IsVisible>
			<Health>1000</Health>
			<IsOnFire>false</IsOnFire>
			<IsInvincible>false</IsInvincible>
			<IsBulletProof>false</IsBulletProof>
			<IsCollisionProof>false</IsCollisionProof>
			<IsExplosionProof>false</IsExplosionProof>
			<IsFireProof>false</IsFireProof>
			<IsMeleeProof>false</IsMeleeProof>
			<IsOnlyDamagedByPlayer>false</IsOnlyDamagedByPlayer>
			<PositionRotation>
				<X>-1046.43665</X>
				<Y>-1563.73669</Y>
				<Z>5.15142107</Z>
				<Pitch>0.35614872</Pitch>
				<Roll>-1.27245593</Roll>
				<Yaw>34.8317604</Yaw>
			</PositionRotation>
			<Attachment isAttached="true">
				<AttachedTo>VEHICLE</AttachedTo>
				<BoneIndex>0</BoneIndex>
				<X>0</X>
				<Y>-1.10000014</Y>
				<Z>1.07999933</Z>
				<Pitch>0</Pitch>
				<Roll>0</Roll>
				<Yaw>90.0000076</Yaw>
			</Attachment>
		</Attachment>
		<Attachment>
			<ModelHash>0x6738be12</ModelHash>
			<Type>3</Type>
			<Dynamic>false</Dynamic>
			<HashName>prop_disp_cabinet_002</HashName>
			<InitialHandle>207115</InitialHandle>
			<OpacityLevel>255</OpacityLevel>
			<LodDistance>16960</LodDistance>
			<IsVisible>true</IsVisible>
			<Health>1000</Health>
			<IsOnFire>false</IsOnFire>
			<IsInvincible>false</IsInvincible>
			<IsBulletProof>false</IsBulletProof>
			<IsCollisionProof>false</IsCollisionProof>
			<IsExplosionProof>false</IsExplosionProof>
			<IsFireProof>false</IsFireProof>
			<IsMeleeProof>false</IsMeleeProof>
			<IsOnlyDamagedByPlayer>false</IsOnlyDamagedByPlayer>
			<PositionRotation>
				<X>-1047.09668</X>
				<Y>-1564.49536</Y>
				<Z>4.46805859</Z>
				<Pitch>1.27243173</Pitch>
				<Roll>0.356236488</Roll>
				<Yaw>-55.1761475</Yaw>
			</PositionRotation>
			<Attachment isAttached="true">
				<AttachedTo>VEHICLE</AttachedTo>
				<BoneIndex>0</BoneIndex>
				<X>0.250000089</X>
				<Y>-2.08999848</Y>
				<Z>0.419999957</Z>
				<Pitch>0</Pitch>
				<Roll>0</Roll>
				<Yaw>0</Yaw>
			</Attachment>
		</Attachment>
		<Attachment>
			<ModelHash>0xed665e27</ModelHash>
			<Type>3</Type>
			<Dynamic>false</Dynamic>
			<HashName>hei_p_post_heist_weed_stash</HashName>
			<InitialHandle>118282</InitialHandle>
			<OpacityLevel>255</OpacityLevel>
			<LodDistance>16960</LodDistance>
			<IsVisible>true</IsVisible>
			<Health>1000</Health>
			<IsOnFire>false</IsOnFire>
			<IsInvincible>false</IsInvincible>
			<IsBulletProof>false</IsBulletProof>
			<IsCollisionProof>false</IsCollisionProof>
			<IsExplosionProof>false</IsExplosionProof>
			<IsFireProof>false</IsFireProof>
			<IsMeleeProof>false</IsMeleeProof>
			<IsOnlyDamagedByPlayer>false</IsOnlyDamagedByPlayer>
			<PositionRotation>
				<X>-1044.16199</X>
				<Y>-1568.74744</Y>
				<Z>3.8853581</Z>
				<Pitch>1.0907259</Pitch>
				<Roll>-0.74588871</Roll>
				<Yaw>-5.16508675</Yaw>
			</PositionRotation>
			<Attachment isAttached="true">
				<AttachedTo>VEHICLE</AttachedTo>
				<BoneIndex>0</BoneIndex>
				<X>5.42000008</X>
				<Y>-2.12200403</Y>
				<Z>-0.13000001</Z>
				<Pitch>0</Pitch>
				<Roll>0</Roll>
				<Yaw>50.0000076</Yaw>
			</Attachment>
		</Attachment>
		<Attachment>
			<ModelHash>0xf0a61994</ModelHash>
			<Type>3</Type>
			<Dynamic>false</Dynamic>
			<HashName>prop_bong_01</HashName>
			<InitialHandle>269832</InitialHandle>
			<OpacityLevel>255</OpacityLevel>
			<LodDistance>16960</LodDistance>
			<IsVisible>true</IsVisible>
			<Health>1000</Health>
			<IsOnFire>false</IsOnFire>
			<IsInvincible>false</IsInvincible>
			<IsBulletProof>false</IsBulletProof>
			<IsCollisionProof>false</IsCollisionProof>
			<IsExplosionProof>false</IsExplosionProof>
			<IsFireProof>false</IsFireProof>
			<IsMeleeProof>false</IsMeleeProof>
			<IsOnlyDamagedByPlayer>false</IsOnlyDamagedByPlayer>
			<PositionRotation>
				<X>-1047.15259</X>
				<Y>-1564.31616</Y>
				<Z>4.63046741</Z>
				<Pitch>1.27243173</Pitch>
				<Roll>0.356236488</Roll>
				<Yaw>-55.1761475</Yaw>
			</PositionRotation>
			<Attachment isAttached="true">
				<AttachedTo>VEHICLE</AttachedTo>
				<BoneIndex>0</BoneIndex>
				<X>0.0700000077</X>
				<Y>-2.02999902</Y>
				<Z>0.580000103</Z>
				<Pitch>0</Pitch>
				<Roll>0</Roll>
				<Yaw>0</Yaw>
			</Attachment>
		</Attachment>
		<Attachment>
			<ModelHash>0x093eba87</ModelHash>
			<Type>3</Type>
			<Dynamic>false</Dynamic>
			<HashName>hei_prop_drug_statue_01</HashName>
			<InitialHandle>444426</InitialHandle>
			<OpacityLevel>255</OpacityLevel>
			<LodDistance>16960</LodDistance>
			<IsVisible>true</IsVisible>
			<Health>1000</Health>
			<IsOnFire>false</IsOnFire>
			<IsInvincible>false</IsInvincible>
			<IsBulletProof>false</IsBulletProof>
			<IsCollisionProof>false</IsCollisionProof>
			<IsExplosionProof>false</IsExplosionProof>
			<IsFireProof>false</IsFireProof>
			<IsMeleeProof>false</IsMeleeProof>
			<IsOnlyDamagedByPlayer>false</IsOnlyDamagedByPlayer>
			<PositionRotation>
				<X>-1047.2384</X>
				<Y>-1564.47339</Y>
				<Z>4.63741398</Z>
				<Pitch>1.27243173</Pitch>
				<Roll>0.356236488</Roll>
				<Yaw>-55.1761475</Yaw>
			</PositionRotation>
			<Attachment isAttached="true">
				<AttachedTo>VEHICLE</AttachedTo>
				<BoneIndex>0</BoneIndex>
				<X>0.150000036</X>
				<Y>-2.19000006</Y>
				<Z>0.590999782</Z>
				<Pitch>0</Pitch>
				<Roll>0</Roll>
				<Yaw>0</Yaw>
			</Attachment>
		</Attachment>
		<Attachment>
			<ModelHash>0x9ed58c86</ModelHash>
			<Type>3</Type>
			<Dynamic>false</Dynamic>
			<HashName>p_cs_joint_01</HashName>
			<InitialHandle>115976</InitialHandle>
			<OpacityLevel>255</OpacityLevel>
			<LodDistance>16960</LodDistance>
			<IsVisible>true</IsVisible>
			<Health>1000</Health>
			<IsOnFire>false</IsOnFire>
			<IsInvincible>false</IsInvincible>
			<IsBulletProof>false</IsBulletProof>
			<IsCollisionProof>false</IsCollisionProof>
			<IsExplosionProof>false</IsExplosionProof>
			<IsFireProof>false</IsFireProof>
			<IsMeleeProof>false</IsMeleeProof>
			<IsOnlyDamagedByPlayer>false</IsOnlyDamagedByPlayer>
			<PositionRotation>
				<X>-1047.47815</X>
				<Y>-1564.21326</Y>
				<Z>4.55750132</Z>
				<Pitch>1.20367432</Pitch>
				<Roll>-0.545140386</Roll>
				<Yaw>-15.1664753</Yaw>
			</PositionRotation>
			<Attachment isAttached="true">
				<AttachedTo>VEHICLE</AttachedTo>
				<BoneIndex>0</BoneIndex>
				<X>-0.200000033</X>
				<Y>-2.2400012</Y>
				<Z>0.510000169</Z>
				<Pitch>0</Pitch>
				<Roll>0</Roll>
				<Yaw>40</Yaw>
			</Attachment>
		</Attachment>
		<Attachment>
			<ModelHash>0xc6b85c33</ModelHash>
			<Type>3</Type>
			<Dynamic>false</Dynamic>
			<HashName>p_cs_joint_02</HashName>
			<InitialHandle>356875</InitialHandle>
			<OpacityLevel>255</OpacityLevel>
			<LodDistance>16960</LodDistance>
			<IsVisible>true</IsVisible>
			<Health>1000</Health>
			<IsOnFire>false</IsOnFire>
			<IsInvincible>false</IsInvincible>
			<IsBulletProof>false</IsBulletProof>
			<IsCollisionProof>false</IsCollisionProof>
			<IsExplosionProof>false</IsExplosionProof>
			<IsFireProof>false</IsFireProof>
			<IsMeleeProof>false</IsMeleeProof>
			<IsOnlyDamagedByPlayer>false</IsOnlyDamagedByPlayer>
			<PositionRotation>
				<X>-1047.56567</X>
				<Y>-1564.14001</Y>
				<Z>4.55751896</Z>
				<Pitch>0.100493103</Pitch>
				<Roll>1.3175236</Roll>
				<Yaw>-125.173347</Yaw>
			</PositionRotation>
			<Attachment isAttached="true">
				<AttachedTo>VEHICLE</AttachedTo>
				<BoneIndex>0</BoneIndex>
				<X>-0.310000002</X>
				<Y>-2.26999998</Y>
				<Z>0.510000169</Z>
				<Pitch>0</Pitch>
				<Roll>0</Roll>
				<Yaw>-70.0000076</Yaw>
			</Attachment>
		</Attachment>
		<Attachment>
			<ModelHash>0xe6cb661e</ModelHash>
			<Type>3</Type>
			<Dynamic>false</Dynamic>
			<HashName>prop_cs_dildo_01</HashName>
			<InitialHandle>108553</InitialHandle>
			<OpacityLevel>255</OpacityLevel>
			<LodDistance>16960</LodDistance>
			<IsVisible>true</IsVisible>
			<Health>1000</Health>
			<IsOnFire>false</IsOnFire>
			<IsInvincible>false</IsInvincible>
			<IsBulletProof>false</IsBulletProof>
			<IsCollisionProof>false</IsCollisionProof>
			<IsExplosionProof>false</IsExplosionProof>
			<IsFireProof>false</IsFireProof>
			<IsMeleeProof>false</IsMeleeProof>
			<IsOnlyDamagedByPlayer>false</IsOnlyDamagedByPlayer>
			<PositionRotation>
				<X>-1047.0824</X>
				<Y>-1564.68201</Y>
				<Z>4.68500757</Z>
				<Pitch>1.27243173</Pitch>
				<Roll>0.356236488</Roll>
				<Yaw>-55.1761475</Yaw>
			</PositionRotation>
			<Attachment isAttached="true">
				<AttachedTo>VEHICLE</AttachedTo>
				<BoneIndex>0</BoneIndex>
				<X>0.409999937</X>
				<Y>-2.18000007</Y>
				<Z>0.640000165</Z>
				<Pitch>0</Pitch>
				<Roll>0</Roll>
				<Yaw>0</Yaw>
			</Attachment>
		</Attachment>
		<Attachment>
			<ModelHash>0xca6d8185</ModelHash>
			<Type>3</Type>
			<Dynamic>false</Dynamic>
			<HashName>prop_metalfoodjar_01</HashName>
			<InitialHandle>390408</InitialHandle>
			<OpacityLevel>255</OpacityLevel>
			<LodDistance>16960</LodDistance>
			<IsVisible>true</IsVisible>
			<Health>1000</Health>
			<IsOnFire>false</IsOnFire>
			<IsInvincible>false</IsInvincible>
			<IsBulletProof>false</IsBulletProof>
			<IsCollisionProof>false</IsCollisionProof>
			<IsExplosionProof>false</IsExplosionProof>
			<IsFireProof>false</IsFireProof>
			<IsMeleeProof>false</IsMeleeProof>
			<IsOnlyDamagedByPlayer>false</IsOnlyDamagedByPlayer>
			<PositionRotation>
				<X>-1047.39539</X>
				<Y>-1563.91211</Y>
				<Z>4.56407404</Z>
				<Pitch>1.27243173</Pitch>
				<Roll>0.356236488</Roll>
				<Yaw>-55.1761475</Yaw>
			</PositionRotation>
			<Attachment isAttached="true">
				<AttachedTo>VEHICLE</AttachedTo>
				<BoneIndex>0</BoneIndex>
				<X>-0.400000066</X>
				<Y>-2.00000024</Y>
				<Z>0.51000005</Z>
				<Pitch>0</Pitch>
				<Roll>0</Roll>
				<Yaw>0</Yaw>
			</Attachment>
		</Attachment>
		<Attachment>
			<ModelHash>0xedc48f9f</ModelHash>
			<Type>3</Type>
			<Dynamic>false</Dynamic>
			<HashName>prop_weed_02</HashName>
			<InitialHandle>294409</InitialHandle>
			<OpacityLevel>255</OpacityLevel>
			<LodDistance>16960</LodDistance>
			<IsVisible>true</IsVisible>
			<Health>1000</Health>
			<IsOnFire>false</IsOnFire>
			<IsInvincible>false</IsInvincible>
			<IsBulletProof>false</IsBulletProof>
			<IsCollisionProof>false</IsCollisionProof>
			<IsExplosionProof>false</IsExplosionProof>
			<IsFireProof>false</IsFireProof>
			<IsMeleeProof>false</IsMeleeProof>
			<IsOnlyDamagedByPlayer>false</IsOnlyDamagedByPlayer>
			<PositionRotation>
				<X>-1047.39221</X>
				<Y>-1563.88635</Y>
				<Z>4.68461037</Z>
				<Pitch>-0.877887905</Pitch>
				<Roll>0.987600505</Roll>
				<Yaw>-171.164612</Yaw>
			</PositionRotation>
			<Attachment isAttached="true">
				<AttachedTo>VEHICLE</AttachedTo>
				<BoneIndex>0</BoneIndex>
				<X>-0.420000046</X>
				<Y>-1.98000026</Y>
				<Z>0.630000174</Z>
				<Pitch>0</Pitch>
				<Roll>0</Roll>
				<Yaw>244.000015</Yaw>
			</Attachment>
		</Attachment>
		<Attachment>
			<ModelHash>0x3b5f7e01</ModelHash>
			<Type>3</Type>
			<Dynamic>false</Dynamic>
			<HashName>prop_ashtray_01</HashName>
			<InitialHandle>65031</InitialHandle>
			<OpacityLevel>255</OpacityLevel>
			<LodDistance>16960</LodDistance>
			<IsVisible>true</IsVisible>
			<Health>1000</Health>
			<IsOnFire>false</IsOnFire>
			<IsInvincible>false</IsInvincible>
			<IsBulletProof>false</IsBulletProof>
			<IsCollisionProof>false</IsCollisionProof>
			<IsExplosionProof>false</IsExplosionProof>
			<IsFireProof>false</IsFireProof>
			<IsMeleeProof>false</IsMeleeProof>
			<IsOnlyDamagedByPlayer>false</IsOnlyDamagedByPlayer>
			<PositionRotation>
				<X>-1047.43311</X>
				<Y>-1564.12122</Y>
				<Z>4.57980537</Z>
				<Pitch>1.27243173</Pitch>
				<Roll>0.356236488</Roll>
				<Yaw>-55.1761475</Yaw>
			</PositionRotation>
			<Attachment isAttached="true">
				<AttachedTo>VEHICLE</AttachedTo>
				<BoneIndex>0</BoneIndex>
				<X>-0.250000089</X>
				<Y>-2.1500001</Y>
				<Z>0.530000031</Z>
				<Pitch>0</Pitch>
				<Roll>0</Roll>
				<Yaw>0</Yaw>
			</Attachment>
		</Attachment>
		<Attachment>
			<ModelHash>0xd7776962</ModelHash>
			<Type>3</Type>
			<Dynamic>false</Dynamic>
			<HashName>p_cs_lighter_01</HashName>
			<InitialHandle>316169</InitialHandle>
			<OpacityLevel>255</OpacityLevel>
			<LodDistance>16960</LodDistance>
			<IsVisible>true</IsVisible>
			<Health>1000</Health>
			<IsOnFire>false</IsOnFire>
			<IsInvincible>false</IsInvincible>
			<IsBulletProof>false</IsBulletProof>
			<IsCollisionProof>false</IsCollisionProof>
			<IsExplosionProof>false</IsExplosionProof>
			<IsFireProof>false</IsFireProof>
			<IsMeleeProof>false</IsMeleeProof>
			<IsOnlyDamagedByPlayer>false</IsOnlyDamagedByPlayer>
			<PositionRotation>
				<X>-1047.60876</X>
				<Y>-1564.06055</Y>
				<Z>4.5583005</Z>
				<Pitch>-88.6785431</Pitch>
				<Roll>-39.3621483</Roll>
				<Yaw>-39.5343437</Yaw>
			</PositionRotation>
			<Attachment isAttached="true">
				<AttachedTo>VEHICLE</AttachedTo>
				<BoneIndex>1</BoneIndex>
				<X>-0.400000066</X>
				<Y>-2.26000071</Y>
				<Z>0.510000169</Z>
				<Pitch>-90</Pitch>
				<Roll>0</Roll>
				<Yaw>55.0000038</Yaw>
			</Attachment>
		</Attachment>
		<Attachment>
			<ModelHash>0x08f8085e</ModelHash>
			<Type>3</Type>
			<Dynamic>false</Dynamic>
			<HashName>prop_roofvent_12a</HashName>
			<InitialHandle>206091</InitialHandle>
			<OpacityLevel>0</OpacityLevel>
			<LodDistance>16960</LodDistance>
			<IsVisible>true</IsVisible>
			<Health>1000</Health>
			<IsOnFire>false</IsOnFire>
			<IsInvincible>false</IsInvincible>
			<IsBulletProof>false</IsBulletProof>
			<IsCollisionProof>false</IsCollisionProof>
			<IsExplosionProof>false</IsExplosionProof>
			<IsFireProof>false</IsFireProof>
			<IsMeleeProof>false</IsMeleeProof>
			<IsOnlyDamagedByPlayer>false</IsOnlyDamagedByPlayer>
			<PositionRotation>
				<X>-1045.85474</X>
				<Y>-1562.11157</Y>
				<Z>4.9088006</Z>
				<Pitch>-1.27243149</Pitch>
				<Roll>-0.356236964</Roll>
				<Yaw>124.823814</Yaw>
			</PositionRotation>
			<Attachment isAttached="true">
				<AttachedTo>VEHICLE</AttachedTo>
				<BoneIndex>0</BoneIndex>
				<X>-1</X>
				<Y>0.299999982</Y>
				<Z>0.799999952</Z>
				<Pitch>0</Pitch>
				<Roll>0</Roll>
				<Yaw>179.999985</Yaw>
			</Attachment>
		</Attachment>
		<Attachment>
			<ModelHash>0x08f8085e</ModelHash>
			<Type>3</Type>
			<Dynamic>false</Dynamic>
			<HashName>prop_roofvent_12a</HashName>
			<InitialHandle>175624</InitialHandle>
			<OpacityLevel>0</OpacityLevel>
			<LodDistance>16960</LodDistance>
			<IsVisible>true</IsVisible>
			<Health>1000</Health>
			<IsOnFire>false</IsOnFire>
			<IsInvincible>false</IsInvincible>
			<IsBulletProof>false</IsBulletProof>
			<IsCollisionProof>false</IsCollisionProof>
			<IsExplosionProof>false</IsExplosionProof>
			<IsFireProof>false</IsFireProof>
			<IsMeleeProof>false</IsMeleeProof>
			<IsOnlyDamagedByPlayer>false</IsOnlyDamagedByPlayer>
			<PositionRotation>
				<X>-1044.76953</X>
				<Y>-1563.67114</Y>
				<Z>4.8969903</Z>
				<Pitch>-1.27243149</Pitch>
				<Roll>-0.356236964</Roll>
				<Yaw>124.823814</Yaw>
			</PositionRotation>
			<Attachment isAttached="true">
				<AttachedTo>VEHICLE</AttachedTo>
				<BoneIndex>0</BoneIndex>
				<X>0.900000095</X>
				<Y>0.299999982</Y>
				<Z>0.799999952</Z>
				<Pitch>0</Pitch>
				<Roll>0</Roll>
				<Yaw>179.999985</Yaw>
			</Attachment>
		</Attachment>
	</SpoonerAttachments>
</Vehicle>
